Workbook
Name Client: FILEPATH!$B$30
Name Date: FILEPATH!$B$33
Name Directory: #REF!
Name Directory: #REF!
Name FTE: FILEPATH!$K$3
Name HRS: FILEPATH!$K$2
Name Location: FILEPATH!#REF!
Name MAIT_date_adjusted_for_example: FILEPATH!$C$1
Name Max_HRS: RN!$P$2
Name Type: FILEPATH!$B$31
Name UNIT: 'CARER (2)'!$F$1
Name UNIT: RN!$M$2

Sheet CARER (2)
C1: CHOOSE UNITS: | E1: HRS | F1: =_xlfn.XLOOKUP('CARER (2)'!E1,Table5[UNITS],Table5[HRS/FTE]) -> 1
A3: =Header!B10 -> Facility | B3: =Header!C10 -> EffortType | C3: =Header!D10 -> Role | D3: =Header!E10 -> 19/06 AM | E3: =Header!F10 -> 19/06 PM | F3: =Header!G10 -> 19/06 NIGHT | G3: =Header!H10 -> 20/06 AM | H3: =Header!I10 -> 20/06 PM | ... AS3: =Header!AT10 -> 2/07 NIGHT
A4: =Header!B11 -> MAIT | B4: =Header!C11 -> Demand | C4: =Header!D11 -> Registered Nurse | D4: =Header!E11/UNIT -> 13.9 | E4: =Header!F11/UNIT -> 15.2 | F4: =Header!G11/UNIT -> 7.6 | G4: =Header!H11/UNIT -> 14.8 | H4: =Header!I11/UNIT -> 15.2 | I4: =Header!J11/UNIT -> 7.6 | J4: =Header!K11/UNIT -> 14.8 | K4: =Header!L11/UNIT -> 15.2 | ... AS4: =Header!AT11/UNIT -> 7.6
A5: =Header!B12 -> MAIT | B5: =Header!C12 -> Allocation | C5: =Header!D12 -> Registered Nurse | D5: =Header!E12/UNIT -> 19.2 | E5: =Header!F12/UNIT -> 10.5 | F5: =Header!G12/UNIT -> 7.1 | G5: =Header!H12/UNIT -> 14.8 | H5: =Header!I12/UNIT -> 8.3 | I5: =Header!J12/UNIT -> 7.1 | J5: =Header!K12/UNIT -> 14.8 | K5: =Header!L12/UNIT -> 0.9 | ... AS5: =Header!AT12/UNIT -> 4.1
A6: =Header!#REF! -> #REF! | B6: =Header!#REF! -> #REF! | C6: =Header!#REF! -> #REF! | D6: =Header!#REF!/UNIT -> #REF! | E6: =Header!#REF!/UNIT -> #REF! | F6: =Header!#REF!/UNIT -> #REF! | G6: =Header!#REF!/UNIT -> #REF! | H6: =Header!#REF!/UNIT -> #REF! | I6: =Header!#REF!/UNIT -> #REF! | J6: =Header!#REF!/UNIT -> #REF! | K6: =Header!#REF!/UNIT -> #REF! | ... AS6: =Header!#REF!/UNIT -> #REF!
B7: HeadCount | D7: =Header!#REF!/UNIT -> #REF! | E7: =Header!#REF!/UNIT -> #REF! | F7: =Header!#REF!/UNIT -> #REF! | G7: =Header!#REF!/UNIT -> #REF! | H7: =Header!#REF!/UNIT -> #REF! | I7: =Header!#REF!/UNIT -> #REF! | J7: =Header!#REF!/UNIT -> #REF! | K7: =Header!#REF!/UNIT -> #REF! | ... AS7: =Header!#REF!/UNIT -> #REF!
B8: Change | D8: =Header!#REF!/UNIT -> #REF! | E8: =Header!#REF!/UNIT -> #REF! | F8: =Header!#REF!/UNIT -> #REF! | G8: =Header!#REF!/UNIT -> #REF! | H8: =Header!#REF!/UNIT -> #REF! | I8: =Header!#REF!/UNIT -> #REF! | J8: =Header!#REF!/UNIT -> #REF! | K8: =Header!#REF!/UNIT -> #REF! | ... AS8: =Header!#REF!/UNIT -> #REF!
B9: Remaining GAP | D9: =Header!#REF!/UNIT -> #REF! | E9: =Header!#REF!/UNIT -> #REF! | F9: =Header!#REF!/UNIT -> #REF! | G9: =Header!#REF!/UNIT -> #REF! | H9: =Header!#REF!/UNIT -> #REF! | I9: =Header!#REF!/UNIT -> #REF! | J9: =Header!#REF!/UNIT -> #REF! | K9: =Header!#REF!/UNIT -> #REF! | ... AS9: =Header!#REF!/UNIT -> #REF!
B12: NAME | C12: Column1 | D12: 1 | E12: 2 | F12: 3 | G12: 4 | H12: 5 | I12: 6 | J12: 7 | K12: 8 | L12: 9 | M12: 10 | N12: 11 | O12: 12 | P12: 13 | Q12: 14 | R12: 15 | S12: 16 | T12: 17 | U12: 18 | V12: 19 | W12: 20 | X12: 21 | Y12: 22 | Z12: 23 | AA12: 24 | AB12: 25 | AC12: 26 | AD12: 27 | AE12: 28 | AF12: 29 | AG12: 30 | AH12: 31 | AI12: 32 | AJ12: 33 | AK12: 34 | AL12: 35 | AM12: 36 | AN12: 37 | AO12: 38 | AP12: 39 | AQ12: 40 | AR12: 41 | AS12: 42
A13: ='Residual-Rostered'!A2 -> MAIT | B13: ='Residual-Rostered'!B2 -> Attukaran, Raphel | C13: ='Residual-Rostered'!C2 -> Registered Nurse | D13: =IF('Residual-Rostered'!E2=0,"-",'Residual-Rostered'!E2) -> - | E13: =IF('Residual-Rostered'!F2=0,"-",'Residual-Rostered'!F2) -> 0/ 0 | F13: =IF('Residual-Rostered'!G2=0,"-",'Residual-Rostered'!G2) -> - | G13: =IF('Residual-Rostered'!H2=0,"-",'Residual-Rostered'!H2) -> - | H13: =IF('Residual-Rostered'!I2=0,"-",'Residual-Rostered'!I2) -> - | I13: =IF('Residual-Rostered'!J2=0,"-",'Residual-Rostered'!J2) -> - | J13: =IF('Residual-Rostered'!K2=0,"-",'Residual-Rostered'!K2) -> - | K13: =IF('Residual-Rostered'!L2=0,"-",'Residual-Rostered'!L2) -> - | ... AS13: =IF('Residual-Rostered'!AT2=0,"-",'Residual-Rostered'!AT2) -> -
A14: ='Residual-Rostered'!A3 -> MAIT | B14: ='Residual-Rostered'!B3 -> Bhandari, Manisha | C14: ='Residual-Rostered'!C3 -> Registered Nurse | D14: =IF('Residual-Rostered'!E3=0,"-",'Residual-Rostered'!E3) -> - | E14: =IF('Residual-Rostered'!F3=0,"-",'Residual-Rostered'!F3) -> 7.6/ 7.4 | F14: =IF('Residual-Rostered'!G3=0,"-",'Residual-Rostered'!G3) -> - | G14: =IF('Residual-Rostered'!H3=0,"-",'Residual-Rostered'!H3) -> - | H14: =IF('Residual-Rostered'!I3=0,"-",'Residual-Rostered'!I3) -> 7.6/ 7.4 | I14: =IF('Residual-Rostered'!J3=0,"-",'Residual-Rostered'!J3) -> - | J14: =IF('Residual-Rostered'!K3=0,"-",'Residual-Rostered'!K3) -> - | K14: =IF('Residual-Rostered'!L3=0,"-",'Residual-Rostered'!L3) -> - | ... AS14: =IF('Residual-Rostered'!AT3=0,"-",'Residual-Rostered'!AT3) -> -
A15: ='Residual-Rostered'!A4 -> MAIT | B15: ='Residual-Rostered'!B4 -> Enzo, Joanna | C15: ='Residual-Rostered'!C4 -> Registered Nurse | D15: =IF('Residual-Rostered'!E4=0,"-",'Residual-Rostered'!E4) -> - | E15: =IF('Residual-Rostered'!F4=0,"-",'Residual-Rostered'!F4) -> - | F15: =IF('Residual-Rostered'!G4=0,"-",'Residual-Rostered'!G4) -> - | G15: =IF('Residual-Rostered'!H4=0,"-",'Residual-Rostered'!H4) -> - | H15: =IF('Residual-Rostered'!I4=0,"-",'Residual-Rostered'!I4) -> - | I15: =IF('Residual-Rostered'!J4=0,"-",'Residual-Rostered'!J4) -> - | J15: =IF('Residual-Rostered'!K4=0,"-",'Residual-Rostered'!K4) -> - | K15: =IF('Residual-Rostered'!L4=0,"-",'Residual-Rostered'!L4) -> - | ... AS15: =IF('Residual-Rostered'!AT4=0,"-",'Residual-Rostered'!AT4) -> -
A16: ='Residual-Rostered'!A5 -> MAIT | B16: ='Residual-Rostered'!B5 -> Goke, Adele | C16: ='Residual-Rostered'!C5 -> Registered Nurse | D16: =IF('Residual-Rostered'!E5=0,"-",'Residual-Rostered'!E5) -> - | E16: =IF('Residual-Rostered'!F5=0,"-",'Residual-Rostered'!F5) -> - | F16: =IF('Residual-Rostered'!G5=0,"-",'Residual-Rostered'!G5) -> - | G16: =IF('Residual-Rostered'!H5=0,"-",'Residual-Rostered'!H5) -> - | H16: =IF('Residual-Rostered'!I5=0,"-",'Residual-Rostered'!I5) -> - | I16: =IF('Residual-Rostered'!J5=0,"-",'Residual-Rostered'!J5) -> - | J16: =IF('Residual-Rostered'!K5=0,"-",'Residual-Rostered'!K5) -> - | K16: =IF('Residual-Rostered'!L5=0,"-",'Residual-Rostered'!L5) -> - | ... AS16: =IF('Residual-Rostered'!AT5=0,"-",'Residual-Rostered'!AT5) -> -
A17: ='Residual-Rostered'!A6 -> MAIT | B17: ='Residual-Rostered'!B6 -> Gould, Diana | C17: ='Residual-Rostered'!C6 -> Registered Nurse | D17: =IF('Residual-Rostered'!E6=0,"-",'Residual-Rostered'!E6) -> - | E17: =IF('Residual-Rostered'!F6=0,"-",'Residual-Rostered'!F6) -> - | F17: =IF('Residual-Rostered'!G6=0,"-",'Residual-Rostered'!G6) -> 6.9/ 6.9 | G17: =IF('Residual-Rostered'!H6=0,"-",'Residual-Rostered'!H6) -> - | H17: =IF('Residual-Rostered'!I6=0,"-",'Residual-Rostered'!I6) -> - | I17: =IF('Residual-Rostered'!J6=0,"-",'Residual-Rostered'!J6) -> 7.4/ 6.9 | J17: =IF('Residual-Rostered'!K6=0,"-",'Residual-Rostered'!K6) -> - | K17: =IF('Residual-Rostered'!L6=0,"-",'Residual-Rostered'!L6) -> - | ... AS17: =IF('Residual-Rostered'!AT6=0,"-",'Residual-Rostered'!AT6) -> -
A18: ='Residual-Rostered'!A7 -> MAIT | B18: ='Residual-Rostered'!B7 -> Hughes, Emily | C18: ='Residual-Rostered'!C7 -> Registered Nurse | D18: =IF('Residual-Rostered'!E7=0,"-",'Residual-Rostered'!E7) -> 0/ 0 | E18: =IF('Residual-Rostered'!F7=0,"-",'Residual-Rostered'!F7) -> - | F18: =IF('Residual-Rostered'!G7=0,"-",'Residual-Rostered'!G7) -> - | G18: =IF('Residual-Rostered'!H7=0,"-",'Residual-Rostered'!H7) -> 0/ 0 | H18: =IF('Residual-Rostered'!I7=0,"-",'Residual-Rostered'!I7) -> - | I18: =IF('Residual-Rostered'!J7=0,"-",'Residual-Rostered'!J7) -> - | J18: =IF('Residual-Rostered'!K7=0,"-",'Residual-Rostered'!K7) -> 0/ 0 | K18: =IF('Residual-Rostered'!L7=0,"-",'Residual-Rostered'!L7) -> - | ... AS18: =IF('Residual-Rostered'!AT7=0,"-",'Residual-Rostered'!AT7) -> -
A19: ='Residual-Rostered'!A8 -> MAIT | B19: ='Residual-Rostered'!B8 -> Kochukanjirathinkal, Mathew | C19: ='Residual-Rostered'!C8 -> Registered Nurse | D19: =IF('Residual-Rostered'!E8=0,"-",'Residual-Rostered'!E8) -> - | E19: =IF('Residual-Rostered'!F8=0,"-",'Residual-Rostered'!F8) -> 0/ 0 | F19: =IF('Residual-Rostered'!G8=0,"-",'Residual-Rostered'!G8) -> - | G19: =IF('Residual-Rostered'!H8=0,"-",'Residual-Rostered'!H8) -> - | H19: =IF('Residual-Rostered'!I8=0,"-",'Residual-Rostered'!I8) -> 0/ 0 | I19: =IF('Residual-Rostered'!J8=0,"-",'Residual-Rostered'!J8) -> - | J19: =IF('Residual-Rostered'!K8=0,"-",'Residual-Rostered'!K8) -> - | K19: =IF('Residual-Rostered'!L8=0,"-",'Residual-Rostered'!L8) -> 0/ 0 | ... AS19: =IF('Residual-Rostered'!AT8=0,"-",'Residual-Rostered'!AT8) -> -
A20: ='Residual-Rostered'!A9 -> MAIT | B20: ='Residual-Rostered'!B9 -> Mathew, Christeena | C20: ='Residual-Rostered'!C9 -> Registered Nurse | D20: =IF('Residual-Rostered'!E9=0,"-",'Residual-Rostered'!E9) -> - | E20: =IF('Residual-Rostered'!F9=0,"-",'Residual-Rostered'!F9) -> - | F20: =IF('Residual-Rostered'!G9=0,"-",'Residual-Rostered'!G9) -> - | G20: =IF('Residual-Rostered'!H9=0,"-",'Residual-Rostered'!H9) -> - | H20: =IF('Residual-Rostered'!I9=0,"-",'Residual-Rostered'!I9) -> - | I20: =IF('Residual-Rostered'!J9=0,"-",'Residual-Rostered'!J9) -> - | J20: =IF('Residual-Rostered'!K9=0,"-",'Residual-Rostered'!K9) -> - | K20: =IF('Residual-Rostered'!L9=0,"-",'Residual-Rostered'!L9) -> - | ... AS20: =IF('Residual-Rostered'!AT9=0,"-",'Residual-Rostered'!AT9) -> -
A21: ='Residual-Rostered'!#REF! -> #REF! | B21: ='Residual-Rostered'!#REF! -> #REF! | C21: ='Residual-Rostered'!#REF! -> #REF! | D21: =IF('Residual-Rostered'!#REF!=0,"-",'Residual-Rostered'!#REF!) -> #REF! | E21: =IF('Residual-Rostered'!#REF!=0,"-",'Residual-Rostered'!#REF!) -> #REF! | F21: =IF('Residual-Rostered'!#REF!=0,"-",'Residual-Rostered'!#REF!) -> #REF! | G21: =IF('Residual-Rostered'!#REF!=0,"-",'Residual-Rostered'!#REF!) -> #REF! | H21: =IF('Residual-Rostered'!#REF!=0,"-",'Residual-Rostered'!#REF!) -> #REF! | I21: =IF('Residual-Rostered'!#REF!=0,"-",'Residual-Rostered'!#REF!) -> #REF! | J21: =IF('Residual-Rostered'!#REF!=0,"-",'Residual-Rostered'!#REF!) -> #REF! | K21: =IF('Residual-Rostered'!#REF!=0,"-",'Residual-Rostered'!#REF!) -> #REF! | ... AS21: =IF('Residual-Rostered'!#REF!=0,"-",'Residual-Rostered'!#REF!) -> #REF!
A22: ='Residual-Rostered'!#REF! -> #REF! | B22: ='Residual-Rostered'!#REF! -> #REF! | C22: ='Residual-Rostered'!#REF! -> #REF! | D22: =IF('Residual-Rostered'!#REF!=0,"-",'Residual-Rostered'!#REF!) -> #REF! | E22: =IF('Residual-Rostered'!#REF!=0,"-",'Residual-Rostered'!#REF!) -> #REF! | F22: =IF('Residual-Rostered'!#REF!=0,"-",'Residual-Rostered'!#REF!) -> #REF! | G22: =IF('Residual-Rostered'!#REF!=0,"-",'Residual-Rostered'!#REF!) -> #REF! | H22: =IF('Residual-Rostered'!#REF!=0,"-",'Residual-Rostered'!#REF!) -> #REF! | I22: =IF('Residual-Rostered'!#REF!=0,"-",'Residual-Rostered'!#REF!) -> #REF! | J22: =IF('Residual-Rostered'!#REF!=0,"-",'Residual-Rostered'!#REF!) -> #REF! | K22: =IF('Residual-Rostered'!#REF!=0,"-",'Residual-Rostered'!#REF!) -> #REF! | ... AS22: =IF('Residual-Rostered'!#REF!=0,"-",'Residual-Rostered'!#REF!) -> #REF!
A23: ='Residual-Rostered'!#REF! -> #REF! | B23: ='Residual-Rostered'!#REF! -> #REF! | C23: ='Residual-Rostered'!#REF! -> #REF! | D23: =IF('Residual-Rostered'!#REF!=0,"-",'Residual-Rostered'!#REF!) -> #REF! | E23: =IF('Residual-Rostered'!#REF!=0,"-",'Residual-Rostered'!#REF!) -> #REF! | F23: =IF('Residual-Rostered'!#REF!=0,"-",'Residual-Rostered'!#REF!) -> #REF! | G23: =IF('Residual-Rostered'!#REF!=0,"-",'Residual-Rostered'!#REF!) -> #REF! | H23: =IF('Residual-Rostered'!#REF!=0,"-",'Residual-Rostered'!#REF!) -> #REF! | I23: =IF('Residual-Rostered'!#REF!=0,"-",'Residual-Rostered'!#REF!) -> #REF! | J23: =IF('Residual-Rostered'!#REF!=0,"-",'Residual-Rostered'!#REF!) -> #REF! | K23: =IF('Residual-Rostered'!#REF!=0,"-",'Residual-Rostered'!#REF!) -> #REF! | ... AS23: =IF('Residual-Rostered'!#REF!=0,"-",'Residual-Rostered'!#REF!) -> #REF!
A24: ='Residual-Rostered'!#REF! -> #REF! | B24: ='Residual-Rostered'!#REF! -> #REF! | C24: ='Residual-Rostered'!#REF! -> #REF! | D24: =IF('Residual-Rostered'!#REF!=0,"-",'Residual-Rostered'!#REF!) -> #REF! | E24: =IF('Residual-Rostered'!#REF!=0,"-",'Residual-Rostered'!#REF!) -> #REF! | F24: =IF('Residual-Rostered'!#REF!=0,"-",'Residual-Rostered'!#REF!) -> #REF! | G24: =IF('Residual-Rostered'!#REF!=0,"-",'Residual-Rostered'!#REF!) -> #REF! | H24: =IF('Residual-Rostered'!#REF!=0,"-",'Residual-Rostered'!#REF!) -> #REF! | I24: =IF('Residual-Rostered'!#REF!=0,"-",'Residual-Rostered'!#REF!) -> #REF! | J24: =IF('Residual-Rostered'!#REF!=0,"-",'Residual-Rostered'!#REF!) -> #REF! | K24: =IF('Residual-Rostered'!#REF!=0,"-",'Residual-Rostered'!#REF!) -> #REF! | ... AS24: =IF('Residual-Rostered'!#REF!=0,"-",'Residual-Rostered'!#REF!) -> #REF!
A25: ='Residual-Rostered'!#REF! -> #REF! | B25: ='Residual-Rostered'!#REF! -> #REF! | C25: ='Residual-Rostered'!#REF! -> #REF! | D25: =IF('Residual-Rostered'!#REF!=0,"-",'Residual-Rostered'!#REF!) -> #REF! | E25: =IF('Residual-Rostered'!#REF!=0,"-",'Residual-Rostered'!#REF!) -> #REF! | F25: =IF('Residual-Rostered'!#REF!=0,"-",'Residual-Rostered'!#REF!) -> #REF! | G25: =IF('Residual-Rostered'!#REF!=0,"-",'Residual-Rostered'!#REF!) -> #REF! | H25: =IF('Residual-Rostered'!#REF!=0,"-",'Residual-Rostered'!#REF!) -> #REF! | I25: =IF('Residual-Rostered'!#REF!=0,"-",'Residual-Rostered'!#REF!) -> #REF! | J25: =IF('Residual-Rostered'!#REF!=0,"-",'Residual-Rostered'!#REF!) -> #REF! | K25: =IF('Residual-Rostered'!#REF!=0,"-",'Residual-Rostered'!#REF!) -> #REF! | ... AS25: =IF('Residual-Rostered'!#REF!=0,"-",'Residual-Rostered'!#REF!) -> #REF!
A26: ='Residual-Rostered'!#REF! -> #REF! | B26: ='Residual-Rostered'!#REF! -> #REF! | C26: ='Residual-Rostered'!#REF! -> #REF! | D26: =IF('Residual-Rostered'!#REF!=0,"-",'Residual-Rostered'!#REF!) -> #REF! | E26: =IF('Residual-Rostered'!#REF!=0,"-",'Residual-Rostered'!#REF!) -> #REF! | F26: =IF('Residual-Rostered'!#REF!=0,"-",'Residual-Rostered'!#REF!) -> #REF! | G26: =IF('Residual-Rostered'!#REF!=0,"-",'Residual-Rostered'!#REF!) -> #REF! | H26: =IF('Residual-Rostered'!#REF!=0,"-",'Residual-Rostered'!#REF!) -> #REF! | I26: =IF('Residual-Rostered'!#REF!=0,"-",'Residual-Rostered'!#REF!) -> #REF! | J26: =IF('Residual-Rostered'!#REF!=0,"-",'Residual-Rostered'!#REF!) -> #REF! | K26: =IF('Residual-Rostered'!#REF!=0,"-",'Residual-Rostered'!#REF!) -> #REF! | ... AS26: =IF('Residual-Rostered'!#REF!=0,"-",'Residual-Rostered'!#REF!) -> #REF!
A27: ='Residual-Rostered'!#REF! -> #REF! | B27: ='Residual-Rostered'!#REF! -> #REF! | C27: ='Residual-Rostered'!#REF! -> #REF! | D27: =IF('Residual-Rostered'!#REF!=0,"-",'Residual-Rostered'!#REF!) -> #REF! | E27: =IF('Residual-Rostered'!#REF!=0,"-",'Residual-Rostered'!#REF!) -> #REF! | F27: =IF('Residual-Rostered'!#REF!=0,"-",'Residual-Rostered'!#REF!) -> #REF! | G27: =IF('Residual-Rostered'!#REF!=0,"-",'Residual-Rostered'!#REF!) -> #REF! | H27: =IF('Residual-Rostered'!#REF!=0,"-",'Residual-Rostered'!#REF!) -> #REF! | I27: =IF('Residual-Rostered'!#REF!=0,"-",'Residual-Rostered'!#REF!) -> #REF! | J27: =IF('Residual-Rostered'!#REF!=0,"-",'Residual-Rostered'!#REF!) -> #REF! | K27: =IF('Residual-Rostered'!#REF!=0,"-",'Residual-Rostered'!#REF!) -> #REF! | ... AS27: =IF('Residual-Rostered'!#REF!=0,"-",'Residual-Rostered'!#REF!) -> #REF!
A28: ='Residual-Rostered'!#REF! -> #REF! | B28: ='Residual-Rostered'!#REF! -> #REF! | C28: ='Residual-Rostered'!#REF! -> #REF! | D28: =IF('Residual-Rostered'!#REF!=0,"-",'Residual-Rostered'!#REF!) -> #REF! | E28: =IF('Residual-Rostered'!#REF!=0,"-",'Residual-Rostered'!#REF!) -> #REF! | F28: =IF('Residual-Rostered'!#REF!=0,"-",'Residual-Rostered'!#REF!) -> #REF! | G28: =IF('Residual-Rostered'!#REF!=0,"-",'Residual-Rostered'!#REF!) -> #REF! | H28: =IF('Residual-Rostered'!#REF!=0,"-",'Residual-Rostered'!#REF!) -> #REF! | I28: =IF('Residual-Rostered'!#REF!=0,"-",'Residual-Rostered'!#REF!) -> #REF! | J28: =IF('Residual-Rostered'!#REF!=0,"-",'Residual-Rostered'!#REF!) -> #REF! | K28: =IF('Residual-Rostered'!#REF!=0,"-",'Residual-Rostered'!#REF!) -> #REF! | ... AS28: =IF('Residual-Rostered'!#REF!=0,"-",'Residual-Rostered'!#REF!) -> #REF!
A29: ='Residual-Rostered'!#REF! -> #REF! | B29: ='Residual-Rostered'!#REF! -> #REF! | C29: ='Residual-Rostered'!#REF! -> #REF! | D29: =IF('Residual-Rostered'!#REF!=0,"-",'Residual-Rostered'!#REF!) -> #REF! | E29: =IF('Residual-Rostered'!#REF!=0,"-",'Residual-Rostered'!#REF!) -> #REF! | F29: =IF('Residual-Rostered'!#REF!=0,"-",'Residual-Rostered'!#REF!) -> #REF! | G29: =IF('Residual-Rostered'!#REF!=0,"-",'Residual-Rostered'!#REF!) -> #REF! | H29: =IF('Residual-Rostered'!#REF!=0,"-",'Residual-Rostered'!#REF!) -> #REF! | I29: =IF('Residual-Rostered'!#REF!=0,"-",'Residual-Rostered'!#REF!) -> #REF! | J29: =IF('Residual-Rostered'!#REF!=0,"-",'Residual-Rostered'!#REF!) -> #REF! | K29: =IF('Residual-Rostered'!#REF!=0,"-",'Residual-Rostered'!#REF!) -> #REF! | ... AS29: =IF('Residual-Rostered'!#REF!=0,"-",'Residual-Rostered'!#REF!) -> #REF!
A30: ='Residual-Rostered'!#REF! -> #REF! | B30: ='Residual-Rostered'!#REF! -> #REF! | C30: ='Residual-Rostered'!#REF! -> #REF! | D30: =IF('Residual-Rostered'!#REF!=0,"-",'Residual-Rostered'!#REF!) -> #REF! | E30: =IF('Residual-Rostered'!#REF!=0,"-",'Residual-Rostered'!#REF!) -> #REF! | F30: =IF('Residual-Rostered'!#REF!=0,"-",'Residual-Rostered'!#REF!) -> #REF! | G30: =IF('Residual-Rostered'!#REF!=0,"-",'Residual-Rostered'!#REF!) -> #REF! | H30: =IF('Residual-Rostered'!#REF!=0,"-",'Residual-Rostered'!#REF!) -> #REF! | I30: =IF('Residual-Rostered'!#REF!=0,"-",'Residual-Rostered'!#REF!) -> #REF! | J30: =IF('Residual-Rostered'!#REF!=0,"-",'Residual-Rostered'!#REF!) -> #REF! | K30: =IF('Residual-Rostered'!#REF!=0,"-",'Residual-Rostered'!#REF!) -> #REF! | ... AS30: =IF('Residual-Rostered'!#REF!=0,"-",'Residual-Rostered'!#REF!) -> #REF!
A31: ='Residual-Rostered'!#REF! -> #REF! | B31: ='Residual-Rostered'!#REF! -> #REF! | C31: ='Residual-Rostered'!#REF! -> #REF! | D31: =IF('Residual-Rostered'!#REF!=0,"-",'Residual-Rostered'!#REF!) -> #REF! | E31: =IF('Residual-Rostered'!#REF!=0,"-",'Residual-Rostered'!#REF!) -> #REF! | F31: =IF('Residual-Rostered'!#REF!=0,"-",'Residual-Rostered'!#REF!) -> #REF! | G31: =IF('Residual-Rostered'!#REF!=0,"-",'Residual-Rostered'!#REF!) -> #REF! | H31: =IF('Residual-Rostered'!#REF!=0,"-",'Residual-Rostered'!#REF!) -> #REF! | I31: =IF('Residual-Rostered'!#REF!=0,"-",'Residual-Rostered'!#REF!) -> #REF! | J31: =IF('Residual-Rostered'!#REF!=0,"-",'Residual-Rostered'!#REF!) -> #REF! | K31: =IF('Residual-Rostered'!#REF!=0,"-",'Residual-Rostered'!#REF!) -> #REF! | ... AS31: =IF('Residual-Rostered'!#REF!=0,"-",'Residual-Rostered'!#REF!) -> #REF!
A32: ='Residual-Rostered'!#REF! -> #REF! | B32: ='Residual-Rostered'!#REF! -> #REF! | C32: ='Residual-Rostered'!#REF! -> #REF! | D32: =IF('Residual-Rostered'!#REF!=0,"-",'Residual-Rostered'!#REF!) -> #REF! | E32: =IF('Residual-Rostered'!#REF!=0,"-",'Residual-Rostered'!#REF!) -> #REF! | F32: =IF('Residual-Rostered'!#REF!=0,"-",'Residual-Rostered'!#REF!) -> #REF! | G32: =IF('Residual-Rostered'!#REF!=0,"-",'Residual-Rostered'!#REF!) -> #REF! | H32: =IF('Residual-Rostered'!#REF!=0,"-",'Residual-Rostered'!#REF!) -> #REF! | I32: =IF('Residual-Rostered'!#REF!=0,"-",'Residual-Rostered'!#REF!) -> #REF! | J32: =IF('Residual-Rostered'!#REF!=0,"-",'Residual-Rostered'!#REF!) -> #REF! | K32: =IF('Residual-Rostered'!#REF!=0,"-",'Residual-Rostered'!#REF!) -> #REF! | ... AS32: =IF('Residual-Rostered'!#REF!=0,"-",'Residual-Rostered'!#REF!) -> #REF!
... A62: ='Residual-Rostered'!#REF! -> #REF! | B62: ='Residual-Rostered'!#REF! -> #REF! | C62: ='Residual-Rostered'!#REF! -> #REF! | D62: =IF('Residual-Rostered'!#REF!=0,"-",'Residual-Rostered'!#REF!) -> #REF! | E62: =IF('Residual-Rostered'!#REF!=0,"-",'Residual-Rostered'!#REF!) -> #REF! | F62: =IF('Residual-Rostered'!#REF!=0,"-",'Residual-Rostered'!#REF!) -> #REF! | G62: =IF('Residual-Rostered'!#REF!=0,"-",'Residual-Rostered'!#REF!) -> #REF! | H62: =IF('Residual-Rostered'!#REF!=0,"-",'Residual-Rostered'!#REF!) -> #REF! | I62: =IF('Residual-Rostered'!#REF!=0,"-",'Residual-Rostered'!#REF!) -> #REF! | J62: =IF('Residual-Rostered'!#REF!=0,"-",'Residual-Rostered'!#REF!) -> #REF! | K62: =IF('Residual-Rostered'!#REF!=0,"-",'Residual-Rostered'!#REF!) -> #REF! | ... AS62: =IF('Residual-Rostered'!#REF!=0,"-",'Residual-Rostered'!#REF!) -> #REF!
I64: =I21 -> #REF!

Sheet FILEPATH
B1: MAIT date adjusted for example | C1: =F1-E1 -> 28 | E1: 45068 | F1: 45096 | J1: UNITS | K1: HRS/FTE
J2: HRS | K2: 1
J3: FTE | K3: 7.6
A4: SharedPath | B4: {=CELL("filename",E19)} -> C:\Users\Alex\CentriNOTSYNC\ResidentialCare\CLIENT\DATExx-Whiddon\2. Calculations\Change\SS\[ResidualAllocation.xlsx]FILEPATH
A6: Client | B6: {=[1]!Client} -> 04.1 PoC | C6: =FIND(B6,B4) -> #VALUE! | E6: =LEN(B6) -> 8 | J6: ROLE | L6: FACILITY
A7: Type | B7: 04 Analysis | C7: =FIND(B7,B4) -> #VALUE! | E7: =LEN(B7) -> 11 | J7: Carer | L7: Berry
A8: Settings Directory | B8: 2. Calculations | C8: =FIND(B8,B4) -> 67 | J8: Registered Nurse | L8: MAIT
C9: =C8-C7 -> #VALUE!
A11: This file | B11: Intervals.xlsx | C11: =FIND(B11,B4) -> #VALUE!
J12: FTE
B13: =MID(B4,C6+2+E6+E7,C9-E7-2) -> #VALUE!
B14: =LEFT(B13,6) -> #VALUE!
A15: Facility | C15: not required
A19: Settings.xlsx
A20: Location | B20: {=[1]!Computerpath} -> C:\Users\Alex\Centri\2. Accounts - 2.0 RFBI\04.1 PoC | C20: =LEN(B20) -> 52
C23: =SUM(C20:C22) -> 52
B26: =B20&"\" -> C:\Users\Alex\Centri\2. Accounts - 2.0 RFBI\04.1 PoC\
M28: Source1 = Excel.CurrentWorkbook(){[Name="Folder"]}[Content],
A29: Root Location | M29: Folder = Source1{0}[Folder],
M32: Source = Excel.Workbook(File.Contents(Folder & "
B35: Folder
B36: =B20&"\"&B7&"\"&B14&"\"&B15 -> #VALUE!

Sheet Header
B10: Facility | C10: EffortType | D10: Role | E10: 19/06 AM | F10: 19/06 PM | G10: 19/06 NIGHT | H10: 20/06 AM | I10: 20/06 PM | J10: 20/06 NIGHT | K10: 21/06 AM | L10: 21/06 PM | M10: 21/06 NIGHT | N10: 22/06 AM | O10: 22/06 PM | P10: 22/06 NIGHT | Q10: 23/06 AM | R10: 23/06 PM | S10: 23/06 NIGHT | T10: 24/06 AM | U10: 24/06 PM | V10: 24/06 NIGHT | W10: 25/06 AM | X10: 25/06 PM | Y10: 25/06 NIGHT | Z10: 26/06 AM | AA10: 26/06 PM | AB10: 26/06 NIGHT | AC10: 27/06 AM | AD10: 27/06 PM | AE10: 27/06 NIGHT | AF10: 28/06 AM | AG10: 28/06 PM | AH10: 28/06 NIGHT | AI10: 29/06 AM | AJ10: 29/06 PM | AK10: 29/06 NIGHT | AL10: 30/06 AM | AM10: 30/06 PM | AN10: 30/06 NIGHT | AO10: 1/07 AM | AP10: 1/07 PM | AQ10: 1/07 NIGHT | AR10: 2/07 AM | AS10: 2/07 PM | AT10: 2/07 NIGHT
B11: MAIT | C11: Demand | D11: Registered Nurse | E11: 13.9 | F11: 15.2 | G11: 7.6 | H11: 14.8 | I11: 15.2 | J11: 7.6 | K11: 14.8 | L11: 15.2 | M11: 7.6 | N11: 14.8 | O11: 15.2 | P11: 7.6 | Q11: 14.8 | R11: 15.2 | S11: 7.6 | T11: 14.8 | U11: 15.2 | V11: 7.6 | W11: 14.8 | X11: 15.2 | Y11: 7.6 | Z11: 14.8 | AA11: 15.2 | AB11: 7.6 | AC11: 14.8 | AD11: 15.2 | AE11: 7.6 | AF11: 14.8 | AG11: 15.2 | AH11: 7.6 | AI11: 14.8 | AJ11: 15.2 | AK11: 7.6 | AL11: 14.8 | AM11: 15.2 | AN11: 7.6 | AO11: 14.8 | AP11: 15.2 | AQ11: 7.6 | AR11: 15 | AS11: 15.2 | AT11: 7.6
B12: MAIT | C12: Allocation | D12: Registered Nurse | E12: 19.2 | F12: 10.5 | G12: 7.1 | H12: 14.8 | I12: 8.3 | J12: 7.1 | K12: 14.8 | L12: 0.9 | M12: 6.9 | N12: 13.7 | O12: 7.4 | P12: 7.1 | Q12: 20.9 | R12: 15.2 | S12: 7.4 | T12: 7.6 | U12: 15.2 | V12: 7.4 | W12: 14.8 | X12: 15.6 | Y12: 7.4 | Z12: 19.7 | AA12: 10.5 | AB12: 7.1 | AC12: 14.8 | AD12: 8.3 | AE12: 7.1 | AF12: 14.8 | AG12: 0.9 | AH12: 6.9 | AI12: 13.7 | AJ12: 0 | AK12: 6.9 | AL12: 28.1 | AM12: 15.6 | AN12: 7.4 | AO12: 7.6 | AP12: 15.2 | AQ12: 7.4 | AR12: 7.6 | AS12: 15.2 | AT12: 4.1
B13: MAIT | C13: Initial DA Gap | D13: Registered Nurse | E13: 5.3 | F13: -4.7 | G13: -0.5 | H13: 0 | I13: -6.9 | J13: -0.5 | K13: 0 | L13: -14.3 | M13: -0.7 | N13: -1 | O13: -7.8 | P13: -0.5 | Q13: 6.1 | R13: 0 | S13: -0.2 | T13: -7.2 | U13: 0 | V13: -0.2 | W13: 0 | X13: 0.5 | Y13: -0.2 | Z13: 4.9 | AA13: -4.7 | AB13: -0.5 | AC13: 0 | AD13: -6.9 | AE13: -0.5 | AF13: 0 | AG13: -14.3 | AH13: -0.7 | AI13: -1 | AJ13: -15.2 | AK13: -0.7 | AL13: 13.3 | AM13: 0.5 | AN13: -0.2 | AO13: -7.2 | AP13: 0 | AQ13: -0.2 | AR13: -7.4 | AS13: 0 | AT13: -3.5

Sheet Sheet2

Sheet Residual-Rostered
A1: Facility | B1: Name | C1: Role | D1: Rostered HRS | E1: 19/06 AM | F1: 19/06 PM | G1: 19/06 NIGHT | H1: 20/06 AM | I1: 20/06 PM | J1: 20/06 NIGHT | K1: 21/06 AM | L1: 21/06 PM | M1: 21/06 NIGHT | N1: 22/06 AM | O1: 22/06 PM | P1: 22/06 NIGHT | Q1: 23/06 AM | R1: 23/06 PM | S1: 23/06 NIGHT | T1: 24/06 AM | U1: 24/06 PM | V1: 24/06 NIGHT | W1: 25/06 AM | X1: 25/06 PM | Y1: 25/06 NIGHT | Z1: 26/06 AM | AA1: 26/06 PM | AB1: 26/06 NIGHT | AC1: 27/06 AM | AD1: 27/06 PM | AE1: 27/06 NIGHT | AF1: 28/06 AM | AG1: 28/06 PM | AH1: 28/06 NIGHT | AI1: 29/06 AM | AJ1: 29/06 PM | AK1: 29/06 NIGHT | AL1: 30/06 AM | AM1: 30/06 PM | AN1: 30/06 NIGHT | AO1: 1/07 AM | AP1: 1/07 PM | AQ1: 1/07 NIGHT | AR1: 2/07 AM | AS1: 2/07 PM | AT1: 2/07 NIGHT
A2: MAIT | B2: Attukaran, Raphel | C2: Registered Nurse | D2: 0 | F2: 0/ 0 | R2: 0/ 0 | U2: 0/ 0 | X2: 0/ 0 | AA2: 0/ 0 | AM2: 0/ 0 | AP2: 0/ 0 | AS2: 0/ 0
A3: MAIT | B3: Bhandari, Manisha | C3: Registered Nurse | D3: 66.6 | F3: 7.6/ 7.4 | I3: 7.6/ 7.4 | U3: 7.6/ 7.4 | X3: 7.6/ 7.4 | AA3: 7.6/ 7.4 | AD3: 7.6/ 7.4 | AM3: 7.6/ 7.4 | AP3: 7.6/ 7.4 | AS3: 7.6/ 7.4
A4: MAIT | B4: Enzo, Joanna | C4: Registered Nurse | D4: 0 | Q4: 0/ 0 | T4: 0/ 0 | W4: 0/ 0 | AL4: 0/ 0 | AO4: 0/ 0 | AR4: 0/ 0
A5: MAIT | B5: Goke, Adele | C5: Registered Nurse | D5: 0 | U5: 0/ 0 | X5: 0/ 0 | AP5: 0/ 0 | AS5: 0/ 0
A6: MAIT | B6: Gould, Diana | C6: Registered Nurse | D6: 48.3 | G6: 6.9/ 6.9 | J6: 7.4/ 6.9 | S6: 6.9/ 6.9 | V6: 7.4/ 6.9 | Y6: 7.4/ 6.9 | AB6: 7.4/ 6.9 | AE6: 7.4/ 6.9
A7: MAIT | B7: Hughes, Emily | C7: Registered Nurse | D7: 0 | E7: 0/ 0 | H7: 0/ 0 | K7: 0/ 0 | N7: 0/ 0 | Q7: 0/ 0 | Z7: 0/ 0 | AC7: 0/ 0 | AF7: 0/ 0 | AI7: 0/ 0 | AL7: 0/ 0
A8: MAIT | B8: Kochukanjirathinkal, Mathew | C8: Registered Nurse | D8: 0 | F8: 0/ 0 | I8: 0/ 0 | L8: 0/ 0 | O8: 0/ 0 | R8: 0/ 0 | AA8: 0/ 0 | AD8: 0/ 0 | AG8: 0/ 0 | AJ8: 0/ 0 | AM8: 0/ 0
A9: MAIT | B9: Mathew, Christeena | C9: Registered Nurse | D9: 22 | O9: 7.6/ 7.4 | R9: 7.6/ 7.4 | W9: 7.6/ 7.2
A10: MAIT | B10: Sebastian, Sintu | C10: Registered Nurse | D10: 2.4 | F10: 7.6/ 0.4 | I10: 7.6/ 0.4 | L10: 7.6/ 0.4 | O10: 6.6/ 0 | R10: 6.6/ 0 | AA10: 7.6/ 0.4 | AD10: 7.6/ 0.4 | AG10: 7.6/ 0.4 | AJ10: 6.6/ 0 | AM10: 6.6/ 0

Sheet RN
B1: Column1 | C1: Column2 | E1: Column1 | F1: Column2
B2: FACILITY: | C2: MAIT | E2: ROLE: | F2: Registered Nurse | K2: CHOOSE UNITS: | L2: HRS | M2: =_xlfn.XLOOKUP(RN!L2,Table5[UNITS],Table5[HRS/FTE]) -> 1 | O2: Max HRS: | P2: 76
A4: =Header!B10 -> Facility | B4: =Header!C10 -> EffortType | C4: =Header!D10 -> Role | H4: =Header!E10 -> 19/06 AM | I4: =Header!F10 -> 19/06 PM | J4: =Header!G10 -> 19/06 NIGHT | K4: =Header!H10 -> 20/06 AM | L4: =Header!I10 -> 20/06 PM | M4: =Header!J10 -> 20/06 NIGHT | N4: =Header!K10 -> 21/06 AM | O4: =Header!L10 -> 21/06 PM | ... AW4: =Header!AT10 -> 2/07 NIGHT
A5: =Header!B11 -> MAIT | B5: =Header!C11 -> Demand | C5: =Header!D11 -> Registered Nurse | D5: =SUM(H5:AW5) -> 525.7 | H5: =Header!E11/UNIT -> 13.9 | I5: =Header!F11/UNIT -> 15.2 | J5: =Header!G11/UNIT -> 7.6 | K5: =Header!H11/UNIT -> 14.8 | L5: =Header!I11/UNIT -> 15.2 | M5: =Header!J11/UNIT -> 7.6 | N5: =Header!K11/UNIT -> 14.8 | O5: =Header!L11/UNIT -> 15.2 | ... AW5: =Header!AT11/UNIT -> 7.6
A6: =Header!B12 -> MAIT | B6: =Header!C12 -> Allocation | C6: =Header!D12 -> Registered Nurse | D6: =SUM(H6:AW6) -> 448.2 | H6: =Header!E12/UNIT -> 19.2 | I6: =Header!F12/UNIT -> 10.5 | J6: =Header!G12/UNIT -> 7.1 | K6: =Header!H12/UNIT -> 14.8 | L6: =Header!I12/UNIT -> 8.3 | M6: =Header!J12/UNIT -> 7.1 | N6: =Header!K12/UNIT -> 14.8 | O6: =Header!L12/UNIT -> 0.9 | ... AW6: =Header!AT12/UNIT -> 4.1
A7: =Header!B13 -> MAIT | B7: =Header!C13 -> Initial DA Gap | C7: =Header!D13 -> Registered Nurse | D7: =SUM(H7:AW7) -> -77.1 | H7: =Header!E13/UNIT -> 5.3 | I7: =Header!F13/UNIT -> -4.7 | J7: =Header!G13/UNIT -> -0.5 | K7: =Header!H13/UNIT -> 0 | L7: =Header!I13/UNIT -> -6.9 | M7: =Header!J13/UNIT -> -0.5 | N7: =Header!K13/UNIT -> 0 | O7: =Header!L13/UNIT -> -14.3 | ... AW7: =Header!AT13/UNIT -> -3.5
B8: HeadCount
B9: Change | E9: =SUM(D10:D24) -> 136.9 | H9: =SUM(H13:H59)/UNIT -> 0 | I9: =SUM(Table3[2])/UNIT -> 0 | J9: =SUM(Table3[3])/UNIT -> 0 | K9: =SUM(Table3[4])/UNIT -> 0 | L9: =SUM(Table3[5])/UNIT -> 0 | M9: =SUM(Table3[6])/UNIT -> 0 | N9: =SUM(Table3[7])/UNIT -> 0 | O9: =SUM(Table3[8])/UNIT -> 0 | P9: =SUM(Table3[9])/UNIT -> 0 | Q9: =SUM(Table3[10])/UNIT -> 0 | R9: =SUM(Table3[11])/UNIT -> 0 | S9: =SUM(Table3[12])/UNIT -> 0 | T9: =SUM(Table3[13])/UNIT -> 0 | U9: =SUM(Table3[14])/UNIT -> 0 | V9: =SUM(Table3[15])/UNIT -> 0 | W9: =SUM(Table3[16])/UNIT -> 0 | X9: =SUM(Table3[17])/UNIT -> 0 | Y9: =SUM(Table3[18])/UNIT -> 0 | Z9: =SUM(Table3[19])/UNIT -> 0 | AA9: =SUM(Table3[20])/UNIT -> 0 | AB9: =SUM(Table3[21])/UNIT -> 0 | AC9: =SUM(Table3[22])/UNIT -> 0 | AD9: =SUM(Table3[23])/UNIT -> 0 | AE9: =SUM(Table3[24])/UNIT -> 0 | AF9: =SUM(Table3[25])/UNIT -> 0 | AG9: =SUM(Table3[26])/UNIT -> 0 | AH9: =SUM(Table3[27])/UNIT -> 0 | AI9: =SUM(Table3[28])/UNIT -> 0 | AJ9: =SUM(Table3[29])/UNIT -> 0 | AK9: =SUM(Table3[30])/UNIT -> 0 | AL9: =SUM(Table3[31])/UNIT -> 0 | AM9: =SUM(Table3[32])/UNIT -> 0 | AN9: =SUM(Table3[33])/UNIT -> 0 | AO9: =SUM(Table3[34])/UNIT -> 0 | AP9: =SUM(Table3[35])/UNIT -> 0 | AQ9: =SUM(Table3[36])/UNIT -> 0 | AR9: =SUM(Table3[37])/UNIT -> 0 | AS9: =SUM(Table3[38])/UNIT -> 0 | AT9: =SUM(Table3[39])/UNIT -> 0 | AU9: =SUM(Table3[40])/UNIT -> 0 | AV9: =SUM(Table3[41])/UNIT -> 0 | AW9: =SUM(Table3[42])/UNIT -> 0
B10: Remaining GAP | H10: =H7+H9 -> 5.3 | I10: =I7+I9 -> -4.7 | J10: =J7+J9 -> -0.5 | K10: =K7+K9 -> 0 | L10: =L7+L9 -> -6.9 | M10: =M7+M9 -> -0.5 | N10: =N7+N9 -> 0 | O10: =O7+O9 -> -14.3 | ... AW10: =AW7+AW9 -> -3.5
B12: NAME | C12: Column1 | D12: ROSTERED TIME | E12: RESIDUAL TIME | F12: CHANGE TIME | G12: CHANGED TOTAL | H12: 1 | I12: 2 | J12: 3 | K12: 4 | L12: 5 | M12: 6 | N12: 7 | O12: 8 | P12: 9 | Q12: 10 | R12: 11 | S12: 12 | T12: 13 | U12: 14 | V12: 15 | W12: 16 | X12: 17 | Y12: 18 | Z12: 19 | AA12: 20 | AB12: 21 | AC12: 22 | AD12: 23 | AE12: 24 | AF12: 25 | AG12: 26 | AH12: 27 | AI12: 28 | AJ12: 29 | AK12: 30 | AL12: 31 | AM12: 32 | AN12: 33 | AO12: 34 | AP12: 35 | AQ12: 36 | AR12: 37 | AS12: 38 | AT12: 39 | AU12: 40 | AV12: 41 | AW12: 42
A13: ='Residual-Rostered'!A2 -> MAIT | B13: ='Residual-Rostered'!B7 -> Hughes, Emily | C13: ='Residual-Rostered'!C7 -> Registered Nurse | D13: ='Residual-Rostered'!D7 -> 0 | E13: =Max_HRS-Table3[[#This Row],[ROSTERED TIME]] -> 76 | F13: =SUM(Table3[[#This Row],[1]:[42]]) -> 0 | G13: =Table3[[#This Row],[ROSTERED TIME]]+Table3[[#This Row],[CHANGE TIME]] -> 0 | H13: =IF('Residual-Rostered'!E7=0,"-",'Residual-Rostered'!E7) -> 0/ 0 | I13: =IF('Residual-Rostered'!F7=0,"-",'Residual-Rostered'!F7) -> - | J13: =IF('Residual-Rostered'!G7=0,"-",'Residual-Rostered'!G7) -> - | K13: =IF('Residual-Rostered'!H7=0,"-",'Residual-Rostered'!H7) -> 0/ 0 | L13: =IF('Residual-Rostered'!I7=0,"-",'Residual-Rostered'!I7) -> - | M13: =IF('Residual-Rostered'!J7=0,"-",'Residual-Rostered'!J7) -> - | N13: =IF('Residual-Rostered'!K7=0,"-",'Residual-Rostered'!K7) -> 0/ 0 | O13: =IF('Residual-Rostered'!L7=0,"-",'Residual-Rostered'!L7) -> - | ... AW13: =IF('Residual-Rostered'!AT7=0,"-",'Residual-Rostered'!AT7) -> -
A14: ='Residual-Rostered'!A3 -> MAIT | B14: ='Residual-Rostered'!B9 -> Mathew, Christeena | C14: ='Residual-Rostered'!C9 -> Registered Nurse | D14: ='Residual-Rostered'!D9 -> 22 | E14: =Max_HRS-Table3[[#This Row],[ROSTERED TIME]] -> 54 | F14: =SUM(Table3[[#This Row],[1]:[42]]) -> 0 | G14: =Table3[[#This Row],[ROSTERED TIME]]+Table3[[#This Row],[CHANGE TIME]] -> 22 | H14: =IF('Residual-Rostered'!E9=0,"-",'Residual-Rostered'!E9) -> - | I14: =IF('Residual-Rostered'!F9=0,"-",'Residual-Rostered'!F9) -> - | J14: =IF('Residual-Rostered'!G9=0,"-",'Residual-Rostered'!G9) -> - | K14: =IF('Residual-Rostered'!H9=0,"-",'Residual-Rostered'!H9) -> - | L14: =IF('Residual-Rostered'!I9=0,"-",'Residual-Rostered'!I9) -> - | M14: =IF('Residual-Rostered'!J9=0,"-",'Residual-Rostered'!J9) -> - | N14: =IF('Residual-Rostered'!K9=0,"-",'Residual-Rostered'!K9) -> - | O14: =IF('Residual-Rostered'!L9=0,"-",'Residual-Rostered'!L9) -> - | ... AW14: =IF('Residual-Rostered'!AT9=0,"-",'Residual-Rostered'!AT9) -> -
A15: ='Residual-Rostered'!#REF! -> #REF! | B15: ='Residual-Rostered'!B4 -> Enzo, Joanna | C15: ='Residual-Rostered'!C4 -> Registered Nurse | D15: ='Residual-Rostered'!D4 -> 0 | E15: =Max_HRS-Table3[[#This Row],[ROSTERED TIME]] -> 76 | F15: =SUM(Table3[[#This Row],[1]:[42]]) -> 0 | G15: =Table3[[#This Row],[ROSTERED TIME]]+Table3[[#This Row],[CHANGE TIME]] -> 0 | H15: =IF('Residual-Rostered'!E4=0,"-",'Residual-Rostered'!E4) -> - | I15: =IF('Residual-Rostered'!F4=0,"-",'Residual-Rostered'!F4) -> - | J15: =IF('Residual-Rostered'!G4=0,"-",'Residual-Rostered'!G4) -> - | K15: =IF('Residual-Rostered'!H4=0,"-",'Residual-Rostered'!H4) -> - | L15: =IF('Residual-Rostered'!I4=0,"-",'Residual-Rostered'!I4) -> - | M15: =IF('Residual-Rostered'!J4=0,"-",'Residual-Rostered'!J4) -> - | N15: =IF('Residual-Rostered'!K4=0,"-",'Residual-Rostered'!K4) -> - | O15: =IF('Residual-Rostered'!L4=0,"-",'Residual-Rostered'!L4) -> - | ... AW15: =IF('Residual-Rostered'!AT4=0,"-",'Residual-Rostered'!AT4) -> -
A16: ='Residual-Rostered'!#REF! -> #REF! | B16: ='Residual-Rostered'!B3 -> Bhandari, Manisha | C16: ='Residual-Rostered'!C3 -> Registered Nurse | D16: ='Residual-Rostered'!D3 -> 66.6 | E16: =Max_HRS-Table3[[#This Row],[ROSTERED TIME]] -> 9.4 | F16: =SUM(Table3[[#This Row],[1]:[42]]) -> 0 | G16: =Table3[[#This Row],[ROSTERED TIME]]+Table3[[#This Row],[CHANGE TIME]] -> 66.6 | H16: =IF('Residual-Rostered'!E3=0,"-",'Residual-Rostered'!E3) -> - | I16: =IF('Residual-Rostered'!F3=0,"-",'Residual-Rostered'!F3) -> 7.6/ 7.4 | J16: =IF('Residual-Rostered'!G3=0,"-",'Residual-Rostered'!G3) -> - | K16: =IF('Residual-Rostered'!H3=0,"-",'Residual-Rostered'!H3) -> - | L16: =IF('Residual-Rostered'!I3=0,"-",'Residual-Rostered'!I3) -> 7.6/ 7.4 | M16: =IF('Residual-Rostered'!J3=0,"-",'Residual-Rostered'!J3) -> - | N16: =IF('Residual-Rostered'!K3=0,"-",'Residual-Rostered'!K3) -> - | O16: =IF('Residual-Rostered'!L3=0,"-",'Residual-Rostered'!L3) -> - | ... AW16: =IF('Residual-Rostered'!AT3=0,"-",'Residual-Rostered'!AT3) -> -
A17: ='Residual-Rostered'!#REF! -> #REF! | B17: ='Residual-Rostered'!B2 -> Attukaran, Raphel | C17: ='Residual-Rostered'!C2 -> Registered Nurse | D17: ='Residual-Rostered'!D2 -> 0 | E17: =Max_HRS-Table3[[#This Row],[ROSTERED TIME]] -> 76 | F17: =SUM(Table3[[#This Row],[1]:[42]]) -> 0 | G17: =Table3[[#This Row],[ROSTERED TIME]]+Table3[[#This Row],[CHANGE TIME]] -> 0 | H17: =IF('Residual-Rostered'!E2=0,"-",'Residual-Rostered'!E2) -> - | I17: =IF('Residual-Rostered'!F2=0,"-",'Residual-Rostered'!F2) -> 0/ 0 | J17: =IF('Residual-Rostered'!G2=0,"-",'Residual-Rostered'!G2) -> - | K17: =IF('Residual-Rostered'!H2=0,"-",'Residual-Rostered'!H2) -> - | L17: =IF('Residual-Rostered'!I2=0,"-",'Residual-Rostered'!I2) -> - | M17: =IF('Residual-Rostered'!J2=0,"-",'Residual-Rostered'!J2) -> - | N17: =IF('Residual-Rostered'!K2=0,"-",'Residual-Rostered'!K2) -> - | O17: =IF('Residual-Rostered'!L2=0,"-",'Residual-Rostered'!L2) -> - | ... AW17: =IF('Residual-Rostered'!AT2=0,"-",'Residual-Rostered'!AT2) -> -
A18: ='Residual-Rostered'!#REF! -> #REF! | B18: ='Residual-Rostered'!B8 -> Kochukanjirathinkal, Mathew | C18: ='Residual-Rostered'!C8 -> Registered Nurse | D18: ='Residual-Rostered'!D8 -> 0 | E18: =Max_HRS-Table3[[#This Row],[ROSTERED TIME]] -> 76 | F18: =SUM(Table3[[#This Row],[1]:[42]]) -> 0 | G18: =Table3[[#This Row],[ROSTERED TIME]]+Table3[[#This Row],[CHANGE TIME]] -> 0 | H18: =IF('Residual-Rostered'!E8=0,"-",'Residual-Rostered'!E8) -> - | I18: =IF('Residual-Rostered'!F8=0,"-",'Residual-Rostered'!F8) -> 0/ 0 | J18: =IF('Residual-Rostered'!G8=0,"-",'Residual-Rostered'!G8) -> - | K18: =IF('Residual-Rostered'!H8=0,"-",'Residual-Rostered'!H8) -> - | L18: =IF('Residual-Rostered'!I8=0,"-",'Residual-Rostered'!I8) -> 0/ 0 | M18: =IF('Residual-Rostered'!J8=0,"-",'Residual-Rostered'!J8) -> - | N18: =IF('Residual-Rostered'!K8=0,"-",'Residual-Rostered'!K8) -> - | O18: =IF('Residual-Rostered'!L8=0,"-",'Residual-Rostered'!L8) -> 0/ 0 | ... AW18: =IF('Residual-Rostered'!AT8=0,"-",'Residual-Rostered'!AT8) -> -
A19: ='Residual-Rostered'!#REF! -> #REF! | B19: ='Residual-Rostered'!B6 -> Gould, Diana | C19: ='Residual-Rostered'!C6 -> Registered Nurse | D19: ='Residual-Rostered'!D6 -> 48.3 | E19: =Max_HRS-Table3[[#This Row],[ROSTERED TIME]] -> 27.7 | F19: =SUM(Table3[[#This Row],[1]:[42]]) -> 0 | G19: =Table3[[#This Row],[ROSTERED TIME]]+Table3[[#This Row],[CHANGE TIME]] -> 48.3 | H19: =IF('Residual-Rostered'!E6=0,"-",'Residual-Rostered'!E6) -> - | I19: =IF('Residual-Rostered'!F6=0,"-",'Residual-Rostered'!F6) -> - | J19: =IF('Residual-Rostered'!G6=0,"-",'Residual-Rostered'!G6) -> 6.9/ 6.9 | K19: =IF('Residual-Rostered'!H6=0,"-",'Residual-Rostered'!H6) -> - | L19: =IF('Residual-Rostered'!I6=0,"-",'Residual-Rostered'!I6) -> - | M19: =IF('Residual-Rostered'!J6=0,"-",'Residual-Rostered'!J6) -> 7.4/ 6.9 | N19: =IF('Residual-Rostered'!K6=0,"-",'Residual-Rostered'!K6) -> - | O19: =IF('Residual-Rostered'!L6=0,"-",'Residual-Rostered'!L6) -> - | ... AW19: =IF('Residual-Rostered'!AT6=0,"-",'Residual-Rostered'!AT6) -> -
A20: ='Residual-Rostered'!#REF! -> #REF! | B20: ='Residual-Rostered'!B5 -> Goke, Adele | C20: ='Residual-Rostered'!C5 -> Registered Nurse | D20: ='Residual-Rostered'!D5 -> 0 | E20: =Max_HRS-Table3[[#This Row],[ROSTERED TIME]] -> 76 | F20: =SUM(Table3[[#This Row],[1]:[42]]) -> 0 | G20: =Table3[[#This Row],[ROSTERED TIME]]+Table3[[#This Row],[CHANGE TIME]] -> 0 | H20: =IF('Residual-Rostered'!E5=0,"-",'Residual-Rostered'!E5) -> - | I20: =IF('Residual-Rostered'!F5=0,"-",'Residual-Rostered'!F5) -> - | J20: =IF('Residual-Rostered'!G5=0,"-",'Residual-Rostered'!G5) -> - | K20: =IF('Residual-Rostered'!H5=0,"-",'Residual-Rostered'!H5) -> - | L20: =IF('Residual-Rostered'!I5=0,"-",'Residual-Rostered'!I5) -> - | M20: =IF('Residual-Rostered'!J5=0,"-",'Residual-Rostered'!J5) -> - | N20: =IF('Residual-Rostered'!K5=0,"-",'Residual-Rostered'!K5) -> - | O20: =IF('Residual-Rostered'!L5=0,"-",'Residual-Rostered'!L5) -> - | ... AW20: =IF('Residual-Rostered'!AT5=0,"-",'Residual-Rostered'!AT5) -> -
