Workbook
Name Client: FILEPATH!$B$30
Name Date: FILEPATH!$B$33
Name Directory: #REF!
Name Directory: #REF!
Name FTE: FILEPATH!$K$3
Name HRS: FILEPATH!$K$2
Name Location: FILEPATH!#REF!
Name MAIT_date_adjusted_for_example: FILEPATH!$C$1
Name Max_HRS: Carer!$P$2
Name Max_HRS: RN!$P$2
Name Type: FILEPATH!$B$31
Name UNIT: Carer!$M$2
Name UNIT: 'CARER (2)'!$F$1
Name UNIT: RN!$M$2

Sheet CARER (2)
C1: CHOOSE UNITS: | E1: HRS | F1: =_xlfn.XLOOKUP('CARER (2)'!E1,Table5[UNITS],Table5[HRS/FTE]) -> 1
A3: =Header!B10 -> Facility | B3: =Header!C10 -> EffortType | C3: =Header!D10 -> Role | D3: =Header!E10 -> 19/06 AM | E3: =Header!F10 -> 19/06 PM | F3: =Header!G10 -> 19/06 NIGHT | G3: =Header!H10 -> 20/06 AM | H3: =Header!I10 -> 20/06 PM | ... AS3: =Header!AT10 -> 2/07 NIGHT
A4: =Header!B11 -> MAIT | B4: =Header!C11 -> Demand | C4: =Header!D11 -> Carer | D4: =Header!E11/UNIT -> 84.8 | E4: =Header!F11/UNIT -> 68.3 | F4: =Header!G11/UNIT -> 37 | G4: =Header!H11/UNIT -> 87.5 | H4: =Header!I11/UNIT -> 68.3 | I4: =Header!J11/UNIT -> 37 | J4: =Header!K11/UNIT -> 87.5 | K4: =Header!L11/UNIT -> 68.3 | ... AS4: =Header!AT11/UNIT -> 37
A5: =Header!B12 -> MAIT | B5: =Header!C12 -> Allocation | C5: =Header!D12 -> Carer | D5: =Header!E12/UNIT -> 84.2 | E5: =Header!F12/UNIT -> 65.5 | F5: =Header!G12/UNIT -> 35.9 | G5: =Header!H12/UNIT -> 87.5 | H5: =Header!I12/UNIT -> 72.3 | I5: =Header!J12/UNIT -> 35.9 | J5: =Header!K12/UNIT -> 80.4 | K5: =Header!L12/UNIT -> 72.3 | ... AS5: =Header!AT12/UNIT -> 16
A6: =Header!#REF! -> #REF! | B6: =Header!#REF! -> #REF! | C6: =Header!#REF! -> #REF! | D6: =Header!#REF!/UNIT -> #REF! | E6: =Header!#REF!/UNIT -> #REF! | F6: =Header!#REF!/UNIT -> #REF! | G6: =Header!#REF!/UNIT -> #REF! | H6: =Header!#REF!/UNIT -> #REF! | I6: =Header!#REF!/UNIT -> #REF! | J6: =Header!#REF!/UNIT -> #REF! | K6: =Header!#REF!/UNIT -> #REF! | ... AS6: =Header!#REF!/UNIT -> #REF!
B7: HeadCount | D7: =Header!#REF!/UNIT -> #REF! | E7: =Header!#REF!/UNIT -> #REF! | F7: =Header!#REF!/UNIT -> #REF! | G7: =Header!#REF!/UNIT -> #REF! | H7: =Header!#REF!/UNIT -> #REF! | I7: =Header!#REF!/UNIT -> #REF! | J7: =Header!#REF!/UNIT -> #REF! | K7: =Header!#REF!/UNIT -> #REF! | ... AS7: =Header!#REF!/UNIT -> #REF!
B8: Change | D8: =Header!#REF!/UNIT -> #REF! | E8: =Header!#REF!/UNIT -> #REF! | F8: =Header!#REF!/UNIT -> #REF! | G8: =Header!#REF!/UNIT -> #REF! | H8: =Header!#REF!/UNIT -> #REF! | I8: =Header!#REF!/UNIT -> #REF! | J8: =Header!#REF!/UNIT -> #REF! | K8: =Header!#REF!/UNIT -> #REF! | ... AS8: =Header!#REF!/UNIT -> #REF!
B9: Remaining GAP | D9: =Header!#REF!/UNIT -> #REF! | E9: =Header!#REF!/UNIT -> #REF! | F9: =Header!#REF!/UNIT -> #REF! | G9: =Header!#REF!/UNIT -> #REF! | H9: =Header!#REF!/UNIT -> #REF! | I9: =Header!#REF!/UNIT -> #REF! | J9: =Header!#REF!/UNIT -> #REF! | K9: =Header!#REF!/UNIT -> #REF! | ... AS9: =Header!#REF!/UNIT -> #REF!
B12: NAME | C12: Column1 | D12: 1 | E12: 2 | F12: 3 | G12: 4 | H12: 5 | I12: 6 | J12: 7 | K12: 8 | L12: 9 | M12: 10 | N12: 11 | O12: 12 | P12: 13 | Q12: 14 | R12: 15 | S12: 16 | T12: 17 | U12: 18 | V12: 19 | W12: 20 | X12: 21 | Y12: 22 | Z12: 23 | AA12: 24 | AB12: 25 | AC12: 26 | AD12: 27 | AE12: 28 | AF12: 29 | AG12: 30 | AH12: 31 | AI12: 32 | AJ12: 33 | AK12: 34 | AL12: 35 | AM12: 36 | AN12: 37 | AO12: 38 | AP12: 39 | AQ12: 40 | AR12: 41 | AS12: 42
A13: ='Residual-Rostered'!#REF! -> #REF! | B13: ='Residual-Rostered'!#REF! -> #REF! | C13: ='Residual-Rostered'!#REF! -> #REF! | D13: =IF('Residual-Rostered'!#REF!=0,"-",'Residual-Rostered'!#REF!) -> #REF! | E13: =IF('Residual-Rostered'!#REF!=0,"-",'Residual-Rostered'!#REF!) -> #REF! | F13: =IF('Residual-Rostered'!#REF!=0,"-",'Residual-Rostered'!#REF!) -> #REF! | G13: =IF('Residual-Rostered'!#REF!=0,"-",'Residual-Rostered'!#REF!) -> #REF! | H13: =IF('Residual-Rostered'!#REF!=0,"-",'Residual-Rostered'!#REF!) -> #REF! | I13: =IF('Residual-Rostered'!#REF!=0,"-",'Residual-Rostered'!#REF!) -> #REF! | J13: =IF('Residual-Rostered'!#REF!=0,"-",'Residual-Rostered'!#REF!) -> #REF! | K13: =IF('Residual-Rostered'!#REF!=0,"-",'Residual-Rostered'!#REF!) -> #REF! | ... AS13: =IF('Residual-Rostered'!#REF!=0,"-",'Residual-Rostered'!#REF!) -> #REF!
A14: ='Residual-Rostered'!#REF! -> #REF! | B14: ='Residual-Rostered'!#REF! -> #REF! | C14: ='Residual-Rostered'!#REF! -> #REF! | D14: =IF('Residual-Rostered'!#REF!=0,"-",'Residual-Rostered'!#REF!) -> #REF! | E14: =IF('Residual-Rostered'!#REF!=0,"-",'Residual-Rostered'!#REF!) -> #REF! | F14: =IF('Residual-Rostered'!#REF!=0,"-",'Residual-Rostered'!#REF!) -> #REF! | G14: =IF('Residual-Rostered'!#REF!=0,"-",'Residual-Rostered'!#REF!) -> #REF! | H14: =IF('Residual-Rostered'!#REF!=0,"-",'Residual-Rostered'!#REF!) -> #REF! | I14: =IF('Residual-Rostered'!#REF!=0,"-",'Residual-Rostered'!#REF!) -> #REF! | J14: =IF('Residual-Rostered'!#REF!=0,"-",'Residual-Rostered'!#REF!) -> #REF! | K14: =IF('Residual-Rostered'!#REF!=0,"-",'Residual-Rostered'!#REF!) -> #REF! | ... AS14: =IF('Residual-Rostered'!#REF!=0,"-",'Residual-Rostered'!#REF!) -> #REF!
A15: ='Residual-Rostered'!#REF! -> #REF! | B15: ='Residual-Rostered'!#REF! -> #REF! | C15: ='Residual-Rostered'!#REF! -> #REF! | D15: =IF('Residual-Rostered'!#REF!=0,"-",'Residual-Rostered'!#REF!) -> #REF! | E15: =IF('Residual-Rostered'!#REF!=0,"-",'Residual-Rostered'!#REF!) -> #REF! | F15: =IF('Residual-Rostered'!#REF!=0,"-",'Residual-Rostered'!#REF!) -> #REF! | G15: =IF('Residual-Rostered'!#REF!=0,"-",'Residual-Rostered'!#REF!) -> #REF! | H15: =IF('Residual-Rostered'!#REF!=0,"-",'Residual-Rostered'!#REF!) -> #REF! | I15: =IF('Residual-Rostered'!#REF!=0,"-",'Residual-Rostered'!#REF!) -> #REF! | J15: =IF('Residual-Rostered'!#REF!=0,"-",'Residual-Rostered'!#REF!) -> #REF! | K15: =IF('Residual-Rostered'!#REF!=0,"-",'Residual-Rostered'!#REF!) -> #REF! | ... AS15: =IF('Residual-Rostered'!#REF!=0,"-",'Residual-Rostered'!#REF!) -> #REF!
A16: ='Residual-Rostered'!#REF! -> #REF! | B16: ='Residual-Rostered'!#REF! -> #REF! | C16: ='Residual-Rostered'!#REF! -> #REF! | D16: =IF('Residual-Rostered'!#REF!=0,"-",'Residual-Rostered'!#REF!) -> #REF! | E16: =IF('Residual-Rostered'!#REF!=0,"-",'Residual-Rostered'!#REF!) -> #REF! | F16: =IF('Residual-Rostered'!#REF!=0,"-",'Residual-Rostered'!#REF!) -> #REF! | G16: =IF('Residual-Rostered'!#REF!=0,"-",'Residual-Rostered'!#REF!) -> #REF! | H16: =IF('Residual-Rostered'!#REF!=0,"-",'Residual-Rostered'!#REF!) -> #REF! | I16: =IF('Residual-Rostered'!#REF!=0,"-",'Residual-Rostered'!#REF!) -> #REF! | J16: =IF('Residual-Rostered'!#REF!=0,"-",'Residual-Rostered'!#REF!) -> #REF! | K16: =IF('Residual-Rostered'!#REF!=0,"-",'Residual-Rostered'!#REF!) -> #REF! | ... AS16: =IF('Residual-Rostered'!#REF!=0,"-",'Residual-Rostered'!#REF!) -> #REF!
A17: ='Residual-Rostered'!#REF! -> #REF! | B17: ='Residual-Rostered'!#REF! -> #REF! | C17: ='Residual-Rostered'!#REF! -> #REF! | D17: =IF('Residual-Rostered'!#REF!=0,"-",'Residual-Rostered'!#REF!) -> #REF! | E17: =IF('Residual-Rostered'!#REF!=0,"-",'Residual-Rostered'!#REF!) -> #REF! | F17: =IF('Residual-Rostered'!#REF!=0,"-",'Residual-Rostered'!#REF!) -> #REF! | G17: =IF('Residual-Rostered'!#REF!=0,"-",'Residual-Rostered'!#REF!) -> #REF! | H17: =IF('Residual-Rostered'!#REF!=0,"-",'Residual-Rostered'!#REF!) -> #REF! | I17: =IF('Residual-Rostered'!#REF!=0,"-",'Residual-Rostered'!#REF!) -> #REF! | J17: =IF('Residual-Rostered'!#REF!=0,"-",'Residual-Rostered'!#REF!) -> #REF! | K17: =IF('Residual-Rostered'!#REF!=0,"-",'Residual-Rostered'!#REF!) -> #REF! | ... AS17: =IF('Residual-Rostered'!#REF!=0,"-",'Residual-Rostered'!#REF!) -> #REF!
A18: ='Residual-Rostered'!#REF! -> #REF! | B18: ='Residual-Rostered'!#REF! -> #REF! | C18: ='Residual-Rostered'!#REF! -> #REF! | D18: =IF('Residual-Rostered'!#REF!=0,"-",'Residual-Rostered'!#REF!) -> #REF! | E18: =IF('Residual-Rostered'!#REF!=0,"-",'Residual-Rostered'!#REF!) -> #REF! | F18: =IF('Residual-Rostered'!#REF!=0,"-",'Residual-Rostered'!#REF!) -> #REF! | G18: =IF('Residual-Rostered'!#REF!=0,"-",'Residual-Rostered'!#REF!) -> #REF! | H18: =IF('Residual-Rostered'!#REF!=0,"-",'Residual-Rostered'!#REF!) -> #REF! | I18: =IF('Residual-Rostered'!#REF!=0,"-",'Residual-Rostered'!#REF!) -> #REF! | J18: =IF('Residual-Rostered'!#REF!=0,"-",'Residual-Rostered'!#REF!) -> #REF! | K18: =IF('Residual-Rostered'!#REF!=0,"-",'Residual-Rostered'!#REF!) -> #REF! | ... AS18: =IF('Residual-Rostered'!#REF!=0,"-",'Residual-Rostered'!#REF!) -> #REF!
A19: ='Residual-Rostered'!#REF! -> #REF! | B19: ='Residual-Rostered'!#REF! -> #REF! | C19: ='Residual-Rostered'!#REF! -> #REF! | D19: =IF('Residual-Rostered'!#REF!=0,"-",'Residual-Rostered'!#REF!) -> #REF! | E19: =IF('Residual-Rostered'!#REF!=0,"-",'Residual-Rostered'!#REF!) -> #REF! | F19: =IF('Residual-Rostered'!#REF!=0,"-",'Residual-Rostered'!#REF!) -> #REF! | G19: =IF('Residual-Rostered'!#REF!=0,"-",'Residual-Rostered'!#REF!) -> #REF! | H19: =IF('Residual-Rostered'!#REF!=0,"-",'Residual-Rostered'!#REF!) -> #REF! | I19: =IF('Residual-Rostered'!#REF!=0,"-",'Residual-Rostered'!#REF!) -> #REF! | J19: =IF('Residual-Rostered'!#REF!=0,"-",'Residual-Rostered'!#REF!) -> #REF! | K19: =IF('Residual-Rostered'!#REF!=0,"-",'Residual-Rostered'!#REF!) -> #REF! | ... AS19: =IF('Residual-Rostered'!#REF!=0,"-",'Residual-Rostered'!#REF!) -> #REF!
A20: ='Residual-Rostered'!#REF! -> #REF! | B20: ='Residual-Rostered'!#REF! -> #REF! | C20: ='Residual-Rostered'!#REF! -> #REF! | D20: =IF('Residual-Rostered'!#REF!=0,"-",'Residual-Rostered'!#REF!) -> #REF! | E20: =IF('Residual-Rostered'!#REF!=0,"-",'Residual-Rostered'!#REF!) -> #REF! | F20: =IF('Residual-Rostered'!#REF!=0,"-",'Residual-Rostered'!#REF!) -> #REF! | G20: =IF('Residual-Rostered'!#REF!=0,"-",'Residual-Rostered'!#REF!) -> #REF! | H20: =IF('Residual-Rostered'!#REF!=0,"-",'Residual-Rostered'!#REF!) -> #REF! | I20: =IF('Residual-Rostered'!#REF!=0,"-",'Residual-Rostered'!#REF!) -> #REF! | J20: =IF('Residual-Rostered'!#REF!=0,"-",'Residual-Rostered'!#REF!) -> #REF! | K20: =IF('Residual-Rostered'!#REF!=0,"-",'Residual-Rostered'!#REF!) -> #REF! | ... AS20: =IF('Residual-Rostered'!#REF!=0,"-",'Residual-Rostered'!#REF!) -> #REF!
A21: ='Residual-Rostered'!#REF! -> #REF! | B21: ='Residual-Rostered'!#REF! -> #REF! | C21: ='Residual-Rostered'!#REF! -> #REF! | D21: =IF('Residual-Rostered'!#REF!=0,"-",'Residual-Rostered'!#REF!) -> #REF! | E21: =IF('Residual-Rostered'!#REF!=0,"-",'Residual-Rostered'!#REF!) -> #REF! | F21: =IF('Residual-Rostered'!#REF!=0,"-",'Residual-Rostered'!#REF!) -> #REF! | G21: =IF('Residual-Rostered'!#REF!=0,"-",'Residual-Rostered'!#REF!) -> #REF! | H21: =IF('Residual-Rostered'!#REF!=0,"-",'Residual-Rostered'!#REF!) -> #REF! | I21: =IF('Residual-Rostered'!#REF!=0,"-",'Residual-Rostered'!#REF!) -> #REF! | J21: =IF('Residual-Rostered'!#REF!=0,"-",'Residual-Rostered'!#REF!) -> #REF! | K21: =IF('Residual-Rostered'!#REF!=0,"-",'Residual-Rostered'!#REF!) -> #REF! | ... AS21: =IF('Residual-Rostered'!#REF!=0,"-",'Residual-Rostered'!#REF!) -> #REF!
A22: ='Residual-Rostered'!#REF! -> #REF! | B22: ='Residual-Rostered'!#REF! -> #REF! | C22: ='Residual-Rostered'!#REF! -> #REF! | D22: =IF('Residual-Rostered'!#REF!=0,"-",'Residual-Rostered'!#REF!) -> #REF! | E22: =IF('Residual-Rostered'!#REF!=0,"-",'Residual-Rostered'!#REF!) -> #REF! | F22: =IF('Residual-Rostered'!#REF!=0,"-",'Residual-Rostered'!#REF!) -> #REF! | G22: =IF('Residual-Rostered'!#REF!=0,"-",'Residual-Rostered'!#REF!) -> #REF! | H22: =IF('Residual-Rostered'!#REF!=0,"-",'Residual-Rostered'!#REF!) -> #REF! | I22: =IF('Residual-Rostered'!#REF!=0,"-",'Residual-Rostered'!#REF!) -> #REF! | J22: =IF('Residual-Rostered'!#REF!=0,"-",'Residual-Rostered'!#REF!) -> #REF! | K22: =IF('Residual-Rostered'!#REF!=0,"-",'Residual-Rostered'!#REF!) -> #REF! | ... AS22: =IF('Residual-Rostered'!#REF!=0,"-",'Residual-Rostered'!#REF!) -> #REF!
A23: ='Residual-Rostered'!#REF! -> #REF! | B23: ='Residual-Rostered'!#REF! -> #REF! | C23: ='Residual-Rostered'!#REF! -> #REF! | D23: =IF('Residual-Rostered'!#REF!=0,"-",'Residual-Rostered'!#REF!) -> #REF! | E23: =IF('Residual-Rostered'!#REF!=0,"-",'Residual-Rostered'!#REF!) -> #REF! | F23: =IF('Residual-Rostered'!#REF!=0,"-",'Residual-Rostered'!#REF!) -> #REF! | G23: =IF('Residual-Rostered'!#REF!=0,"-",'Residual-Rostered'!#REF!) -> #REF! | H23: =IF('Residual-Rostered'!#REF!=0,"-",'Residual-Rostered'!#REF!) -> #REF! | I23: =IF('Residual-Rostered'!#REF!=0,"-",'Residual-Rostered'!#REF!) -> #REF! | J23: =IF('Residual-Rostered'!#REF!=0,"-",'Residual-Rostered'!#REF!) -> #REF! | K23: =IF('Residual-Rostered'!#REF!=0,"-",'Residual-Rostered'!#REF!) -> #REF! | ... AS23: =IF('Residual-Rostered'!#REF!=0,"-",'Residual-Rostered'!#REF!) -> #REF!
A24: ='Residual-Rostered'!#REF! -> #REF! | B24: ='Residual-Rostered'!#REF! -> #REF! | C24: ='Residual-Rostered'!#REF! -> #REF! | D24: =IF('Residual-Rostered'!#REF!=0,"-",'Residual-Rostered'!#REF!) -> #REF! | E24: =IF('Residual-Rostered'!#REF!=0,"-",'Residual-Rostered'!#REF!) -> #REF! | F24: =IF('Residual-Rostered'!#REF!=0,"-",'Residual-Rostered'!#REF!) -> #REF! | G24: =IF('Residual-Rostered'!#REF!=0,"-",'Residual-Rostered'!#REF!) -> #REF! | H24: =IF('Residual-Rostered'!#REF!=0,"-",'Residual-Rostered'!#REF!) -> #REF! | I24: =IF('Residual-Rostered'!#REF!=0,"-",'Residual-Rostered'!#REF!) -> #REF! | J24: =IF('Residual-Rostered'!#REF!=0,"-",'Residual-Rostered'!#REF!) -> #REF! | K24: =IF('Residual-Rostered'!#REF!=0,"-",'Residual-Rostered'!#REF!) -> #REF! | ... AS24: =IF('Residual-Rostered'!#REF!=0,"-",'Residual-Rostered'!#REF!) -> #REF!
... A62: ='Residual-Rostered'!#REF! -> #REF! | B62: ='Residual-Rostered'!#REF! -> #REF! | C62: ='Residual-Rostered'!#REF! -> #REF! | D62: =IF('Residual-Rostered'!#REF!=0,"-",'Residual-Rostered'!#REF!) -> #REF! | E62: =IF('Residual-Rostered'!#REF!=0,"-",'Residual-Rostered'!#REF!) -> #REF! | F62: =IF('Residual-Rostered'!#REF!=0,"-",'Residual-Rostered'!#REF!) -> #REF! | G62: =IF('Residual-Rostered'!#REF!=0,"-",'Residual-Rostered'!#REF!) -> #REF! | H62: =IF('Residual-Rostered'!#REF!=0,"-",'Residual-Rostered'!#REF!) -> #REF! | I62: =IF('Residual-Rostered'!#REF!=0,"-",'Residual-Rostered'!#REF!) -> #REF! | J62: =IF('Residual-Rostered'!#REF!=0,"-",'Residual-Rostered'!#REF!) -> #REF! | K62: =IF('Residual-Rostered'!#REF!=0,"-",'Residual-Rostered'!#REF!) -> #REF! | ... AS62: =IF('Residual-Rostered'!#REF!=0,"-",'Residual-Rostered'!#REF!) -> #REF!
I64: =I21 -> #REF!

Sheet FILEPATH
B1: MAIT date adjusted for example | C1: =F1-E1 -> 28 | E1: 45068 | F1: 45096 | J1: UNITS | K1: HRS/FTE
J2: HRS | K2: 1
J3: FTE | K3: 7.6
A4: SharedPath | B4: {=CELL("filename",E19)} -> C:\Users\Alex\CentriNOTSYNC\ResidentialCare\CLIENT\DATExx-Whiddon\2. Calculations\Change\SS\[ResidualAllocation-ALL.xlsx]FILEPATH
A6: Client | B6: {=[1]!Client} -> 04.1 PoC | C6: =FIND(B6,B4) -> #VALUE! | E6: =LEN(B6) -> 8 | J6: ROLE | L6: FACILITY
A7: Type | B7: 04 Analysis | C7: =FIND(B7,B4) -> #VALUE! | E7: =LEN(B7) -> 11 | J7: Carer | L7: Berry
A8: Settings Directory | B8: 2. Calculations | C8: =FIND(B8,B4) -> 67 | J8: Registered Nurse | L8: MAIT
C9: =C8-C7 -> #VALUE!
A11: This file | B11: Intervals.xlsx | C11: =FIND(B11,B4) -> #VALUE!
J12: FTE
B13: =MID(B4,C6+2+E6+E7,C9-E7-2) -> #VALUE!
B14: =LEFT(B13,6) -> #VALUE!
A15: Facility | C15: not required
A19: Settings.xlsx
A20: Location | B20: {=[1]!Computerpath} -> C:\Users\Alex\Centri\2. Accounts - 2.0 RFBI\04.1 PoC | C20: =LEN(B20) -> 52
C23: =SUM(C20:C22) -> 52
B26: =B20&"\" -> C:\Users\Alex\Centri\2. Accounts - 2.0 RFBI\04.1 PoC\
M28: Source1 = Excel.CurrentWorkbook(){[Name="Folder"]}[Content],
A29: Root Location | M29: Folder = Source1{0}[Folder],
M32: Source = Excel.Workbook(File.Contents(Folder & "
B35: Folder
B36: =B20&"\"&B7&"\"&B14&"\"&B15 -> #VALUE!

Sheet Carer
B1: Column1 | C1: Column2
B2: FACILITY: | C2: MAIT | K2: CHOOSE UNITS: | L2: HRS | M2: =_xlfn.XLOOKUP(Carer!L2,Table5[UNITS],Table5[HRS/FTE]) -> 1 | O2: Max HRS: | P2: 76
H3: Mon | K3: Tuesday | N3: Wednesday | Q3: Thursday | T3: Friday | W3: Saturday | Z3: Sunday | AC3: ` | AF3: T | AI3: W | AL3: T | AO3: F | AR3: S | AU3: S
A4: =Header!B10 -> Facility | B4: =Header!C10 -> EffortType | C4: =Header!D10 -> Role | D4: RN | H4: =Header!E10 -> 19/06 AM | I4: =Header!F10 -> 19/06 PM | J4: =Header!G10 -> 19/06 NIGHT | K4: =Header!H10 -> 20/06 AM | L4: =Header!I10 -> 20/06 PM | M4: =Header!J10 -> 20/06 NIGHT | N4: =Header!K10 -> 21/06 AM | O4: =Header!L10 -> 21/06 PM | ... AW4: =Header!AT10 -> 2/07 NIGHT
A5: =Header!B11 -> MAIT | B5: =SUM(H5:AW5) -> 2698.2 | G5: ='Header-RN'!B2 -> Demand | H5: ='Header-CARER'!D2 -> 84.8 | I5: ='Header-CARER'!E2 -> 68.3 | J5: ='Header-CARER'!F2 -> 37 | K5: ='Header-CARER'!G2 -> 87.5 | L5: ='Header-CARER'!H2 -> 68.3 | M5: ='Header-CARER'!I2 -> 37 | N5: ='Header-CARER'!J2 -> 87.5 | O5: ='Header-CARER'!K2 -> 68.3 | ... AW5: ='Header-CARER'!AS2 -> 37
A6: =Header!B12 -> MAIT | B6: =SUM(H6:AW6) -> 2455.1 | D6: Shortage | E6: Excess | G6: ='Header-RN'!B3 -> Allocation | H6: ='Header-CARER'!D3 -> 84.2 | I6: ='Header-CARER'!E3 -> 65.5 | J6: ='Header-CARER'!F3 -> 35.9 | K6: ='Header-CARER'!G3 -> 87.5 | L6: ='Header-CARER'!H3 -> 72.3 | M6: ='Header-CARER'!I3 -> 35.9 | N6: ='Header-CARER'!J3 -> 80.4 | O6: ='Header-CARER'!K3 -> 72.3 | ... AW6: ='Header-CARER'!AS3 -> 16
A7: =Header!B16 -> MAIT | D7: =SUM(H8:AW8) -> -263.5 | E7: =SUM(H9:AW9) -> 19.6 | G7: ='Header-RN'!B4 -> Initial DA Gap | H7: ='Header-CARER'!D4 -> -0.7 | I7: ='Header-CARER'!E4 -> -2.8 | J7: ='Header-CARER'!F4 -> -1.2 | K7: ='Header-CARER'!G4 -> 0 | L7: ='Header-CARER'!H4 -> 4 | M7: ='Header-CARER'!I4 -> -1.2 | N7: ='Header-CARER'!J4 -> -7.1 | O7: ='Header-CARER'!K4 -> 4 | ... AW7: ='Header-CARER'!AS4 -> -20.9
H8: =IF(H7<0,H7,"") -> -0.7 | I8: =IF(I7<0,I7,"") -> -2.8 | J8: =IF(J7<0,J7,"") -> -1.2 | K8: =IF(K7<0,K7,"") | L8: =IF(L7<0,L7,"") | M8: =IF(M7<0,M7,"") -> -1.2 | N8: =IF(N7<0,N7,"") -> -7.1 | O8: =IF(O7<0,O7,"") | ... AW8: =IF(AW7<0,AW7,"") -> -20.9
H9: =IF(H7>0,H7,"") | I9: =IF(I7>0,I7,"") | J9: =IF(J7>0,J7,"") | K9: =IF(K7>0,K7,"") | L9: =IF(L7>0,L7,"") -> 4 | M9: =IF(M7>0,M7,"") | N9: =IF(N7>0,N7,"") | O9: =IF(O7>0,O7,"") -> 4 | ... AW9: =IF(AW7>0,AW7,"")
G10: HeadCount
D11: =D7-D12 -> -106.2 | E11: =E7-E12 -> -15 | G11: Change | H11: =SUM(Table314[2])/UNIT -> 0 | I11: =SUM(Table314[3])/UNIT -> 3 | J11: =SUM(Table314[4])/UNIT -> 0 | K11: =SUM(Table314[5])/UNIT -> 0 | L11: =SUM(Table314[6])/UNIT -> -1.5 | M11: =SUM(Table314[7])/UNIT -> 0 | N11: =SUM(Table314[8])/UNIT -> 7.8 | O11: =SUM(Table314[9])/UNIT -> -8.8 | P11: =SUM(Table314[10])/UNIT -> 7.9 | Q11: =SUM(Table314[11])/UNIT -> 8.8 | R11: =SUM(Table314[12])/UNIT -> 0 | S11: =SUM(Table314[13])/UNIT -> 0 | T11: =SUM(Table314[14])/UNIT -> 23.4 | U11: =SUM(Table314[15])/UNIT -> 9.5 | V11: =SUM(Table314[16])/UNIT -> 0.5 | W11: =SUM(Table314[17])/UNIT -> 7.2 | X11: =SUM(Table314[18])/UNIT -> 0 | Y11: =SUM(Table314[19])/UNIT -> 0 | Z11: =SUM(Table314[20])/UNIT -> 7.2 | AA11: =SUM(Table314[21])/UNIT -> 0 | AB11: =SUM(Table314[22])/UNIT -> 0 | AC11: =SUM(Table314[23])/UNIT -> 0 | AD11: =SUM(Table314[24])/UNIT -> 0 | AE11: =SUM(Table314[25])/UNIT -> 0 | AF11: =SUM(Table314[26])/UNIT -> 0 | AG11: =SUM(Table314[27])/UNIT -> 0 | AH11: =SUM(Table314[28])/UNIT -> 0 | AI11: =SUM(Table314[29])/UNIT -> 7.8 | AJ11: =SUM(Table314[30])/UNIT -> 7.1 | AK11: =SUM(Table314[31])/UNIT -> 0.7 | AL11: =SUM(Table314[32])/UNIT -> 0 | AM11: =SUM(Table314[33])/UNIT -> 13.1 | AN11: =SUM(Table314[34])/UNIT -> 0 | AO11: =SUM(Table314[35])/UNIT -> 9.5 | AP11: =SUM(Table314[36])/UNIT -> 0 | AQ11: =SUM(Table314[37])/UNIT -> 0 | AR11: =SUM(Table314[38])/UNIT -> 10.6 | AS11: =SUM(Table314[39])/UNIT -> 0 | AT11: =SUM(Table314[40])/UNIT -> 0 | AU11: =SUM(Table314[41])/UNIT -> 7.4 | AV11: =SUM(Table314[42])/UNIT -> 0 | AW11: =SUM(Table314[43])/UNIT -> 0
D12: =SUM(H13:AW13) -> -157.3 | E12: =SUM(H14:AW14) -> 34.6 | G12: Remaining GAP | H12: =H7+H11 -> -0.7 | I12: =I7+I11 -> 0.2 | J12: =J7+J11 -> -1.2 | K12: =K7+K11 -> 0 | L12: =L7+L11 -> 2.5 | M12: =M7+M11 -> -1.2 | N12: =N7+N11 -> 0.7 | O12: =O7+O11 -> -4.8 | ... AW12: =AW7+AW11 -> -20.9
H13: =IF(H12<0,H12,"") -> -0.7 | I13: =IF(I12<0,I12,"") | J13: =IF(J12<0,J12,"") -> -1.2 | K13: =IF(K12<0,K12,"") | L13: =IF(L12<0,L12,"") | M13: =IF(M12<0,M12,"") -> -1.2 | N13: =IF(N12<0,N12,"") | O13: =IF(O12<0,O12,"") -> -4.8 | ... AW13: =IF(AW12<0,AW12,"") -> -20.9
H14: =IF(H12>0,H12,"") | I14: =IF(I12>0,I12,"") -> 0.2 | J14: =IF(J12>0,J12,"") | K14: =IF(K12>0,K12,"") | L14: =IF(L12>0,L12,"") -> 2.5 | M14: =IF(M12>0,M12,"") | N14: =IF(N12>0,N12,"") -> 0.7 | O14: =IF(O12>0,O12,"") | ... AW14: =IF(AW12>0,AW12,"")
B17: Role] | C17: NAME | D17: ROSTERED TIME | E17: RESIDUAL TIME | F17: CHANGE TIME | G17: CHANGED TOTAL | H17: 2 | I17: 3 | J17: 4 | K17: 5 | L17: 6 | M17: 7 | N17: 8 | O17: 9 | P17: 10 | Q17: 11 | R17: 12 | S17: 13 | T17: 14 | U17: 15 | V17: 16 | W17: 17 | X17: 18 | Y17: 19 | Z17: 20 | AA17: 21 | AB17: 22 | AC17: 23 | AD17: 24 | AE17: 25 | AF17: 26 | AG17: 27 | AH17: 28 | AI17: 29 | AJ17: 30 | AK17: 31 | AL17: 32 | AM17: 33 | AN17: 34 | AO17: 35 | AP17: 36 | AQ17: 37 | AR17: 38 | AS17: 39 | AT17: 40 | AU17: 41 | AV17: 42 | AW17: 43
A18: ='Residual-Rostered'!#REF! -> #REF! | B18: ='Residual-RosteredMATRIX-CARER'!D51 -> 0 | C18: ='Residual-RosteredMATRIX-CARER'!C51 -> 0 | D18: ='Residual-RosteredMATRIX-RN'!D51 -> 0 | E18: =Max_HRS-Table314[[#This Row],[ROSTERED TIME]] -> 76 | F18: =SUM(H18:AV18) -> 0 | G18: =Table314[[#This Row],[ROSTERED TIME]]+Table314[[#This Row],[CHANGE TIME]] -> 0 | H18: =IF('Residual-RosteredMATRIX-CARER'!F51=0,"",'Residual-RosteredMATRIX-CARER'!F51) | I18: =IF('Residual-RosteredMATRIX-CARER'!G51=0,"",'Residual-RosteredMATRIX-CARER'!G51) | J18: =IF('Residual-RosteredMATRIX-CARER'!H51=0,"",'Residual-RosteredMATRIX-CARER'!H51) | K18: =IF('Residual-RosteredMATRIX-CARER'!I51=0,"",'Residual-RosteredMATRIX-CARER'!I51) | L18: =IF('Residual-RosteredMATRIX-CARER'!J51=0,"",'Residual-RosteredMATRIX-CARER'!J51) | M18: =IF('Residual-RosteredMATRIX-CARER'!K51=0,"",'Residual-RosteredMATRIX-CARER'!K51) | N18: =IF('Residual-RosteredMATRIX-CARER'!L51=0,"",'Residual-RosteredMATRIX-CARER'!L51) | O18: =IF('Residual-RosteredMATRIX-CARER'!M51=0,"",'Residual-RosteredMATRIX-CARER'!M51) | ... AW18: =IF('Residual-RosteredMATRIX-CARER'!AU51=0,"",'Residual-RosteredMATRIX-CARER'!AU51)
A19: ='Residual-Rostered'!#REF! -> #REF! | B19: ='Residual-RosteredMATRIX-CARER'!D52 -> 0 | C19: ='Residual-RosteredMATRIX-CARER'!C52 -> 0 | D19: ='Residual-RosteredMATRIX-RN'!D52 -> 0 | E19: =Max_HRS-Table314[[#This Row],[ROSTERED TIME]] -> 76 | F19: =SUM(H19:AV19) -> 0 | G19: =Table314[[#This Row],[ROSTERED TIME]]+Table314[[#This Row],[CHANGE TIME]] -> 0 | H19: =IF('Residual-RosteredMATRIX-CARER'!F52=0,"",'Residual-RosteredMATRIX-CARER'!F52) | I19: =IF('Residual-RosteredMATRIX-CARER'!G52=0,"",'Residual-RosteredMATRIX-CARER'!G52) | J19: =IF('Residual-RosteredMATRIX-CARER'!H52=0,"",'Residual-RosteredMATRIX-CARER'!H52) | K19: =IF('Residual-RosteredMATRIX-CARER'!I52=0,"",'Residual-RosteredMATRIX-CARER'!I52) | L19: =IF('Residual-RosteredMATRIX-CARER'!J52=0,"",'Residual-RosteredMATRIX-CARER'!J52) | M19: =IF('Residual-RosteredMATRIX-CARER'!K52=0,"",'Residual-RosteredMATRIX-CARER'!K52) | N19: =IF('Residual-RosteredMATRIX-CARER'!L52=0,"",'Residual-RosteredMATRIX-CARER'!L52) | O19: =IF('Residual-RosteredMATRIX-CARER'!M52=0,"",'Residual-RosteredMATRIX-CARER'!M52) | ... AW19: =IF('Residual-RosteredMATRIX-CARER'!AU52=0,"",'Residual-RosteredMATRIX-CARER'!AU52)
A20: ='Residual-Rostered'!#REF! -> #REF! | B20: ='Residual-RosteredMATRIX-CARER'!D53 -> 0 | C20: ='Residual-RosteredMATRIX-CARER'!C53 -> 0 | D20: ='Residual-RosteredMATRIX-RN'!D53 -> 0 | E20: =Max_HRS-Table314[[#This Row],[ROSTERED TIME]] -> 76 | F20: =SUM(H20:AV20) -> 0 | G20: =Table314[[#This Row],[ROSTERED TIME]]+Table314[[#This Row],[CHANGE TIME]] -> 0 | H20: =IF('Residual-RosteredMATRIX-CARER'!F53=0,"",'Residual-RosteredMATRIX-CARER'!F53) | I20: =IF('Residual-RosteredMATRIX-CARER'!G53=0,"",'Residual-RosteredMATRIX-CARER'!G53) | J20: =IF('Residual-RosteredMATRIX-CARER'!H53=0,"",'Residual-RosteredMATRIX-CARER'!H53) | K20: =IF('Residual-RosteredMATRIX-CARER'!I53=0,"",'Residual-RosteredMATRIX-CARER'!I53) | L20: =IF('Residual-RosteredMATRIX-CARER'!J53=0,"",'Residual-RosteredMATRIX-CARER'!J53) | M20: =IF('Residual-RosteredMATRIX-CARER'!K53=0,"",'Residual-RosteredMATRIX-CARER'!K53) | N20: =IF('Residual-RosteredMATRIX-CARER'!L53=0,"",'Residual-RosteredMATRIX-CARER'!L53) | O20: =IF('Residual-RosteredMATRIX-CARER'!M53=0,"",'Residual-RosteredMATRIX-CARER'!M53) | ... AW20: =IF('Residual-RosteredMATRIX-CARER'!AU53=0,"",'Residual-RosteredMATRIX-CARER'!AU53)
A21: ='Residual-Rostered'!#REF! -> #REF! | B21: ='Residual-RosteredMATRIX-CARER'!D54 -> 0 | C21: ='Residual-RosteredMATRIX-CARER'!C54 -> 0 | D21: ='Residual-RosteredMATRIX-RN'!D54 -> 0 | E21: =Max_HRS-Table314[[#This Row],[ROSTERED TIME]] -> 76 | F21: =SUM(H21:AV21) -> 0 | G21: =Table314[[#This Row],[ROSTERED TIME]]+Table314[[#This Row],[CHANGE TIME]] -> 0 | H21: =IF('Residual-RosteredMATRIX-CARER'!F54=0,"",'Residual-RosteredMATRIX-CARER'!F54) | I21: =IF('Residual-RosteredMATRIX-CARER'!G54=0,"",'Residual-RosteredMATRIX-CARER'!G54) | J21: =IF('Residual-RosteredMATRIX-CARER'!H54=0,"",'Residual-RosteredMATRIX-CARER'!H54) | K21: =IF('Residual-RosteredMATRIX-CARER'!I54=0,"",'Residual-RosteredMATRIX-CARER'!I54) | L21: =IF('Residual-RosteredMATRIX-CARER'!J54=0,"",'Residual-RosteredMATRIX-CARER'!J54) | M21: =IF('Residual-RosteredMATRIX-CARER'!K54=0,"",'Residual-RosteredMATRIX-CARER'!K54) | N21: =IF('Residual-RosteredMATRIX-CARER'!L54=0,"",'Residual-RosteredMATRIX-CARER'!L54) | O21: =IF('Residual-RosteredMATRIX-CARER'!M54=0,"",'Residual-RosteredMATRIX-CARER'!M54) | ... AW21: =IF('Residual-RosteredMATRIX-CARER'!AU54=0,"",'Residual-RosteredMATRIX-CARER'!AU54)
A22: ='Residual-Rostered'!#REF! -> #REF! | B22: ='Residual-RosteredMATRIX-CARER'!D55 -> 0 | C22: ='Residual-RosteredMATRIX-CARER'!C55 -> 0 | D22: ='Residual-RosteredMATRIX-RN'!D55 -> 0 | E22: =Max_HRS-Table314[[#This Row],[ROSTERED TIME]] -> 76 | F22: =SUM(H22:AV22) -> 0 | G22: =Table314[[#This Row],[ROSTERED TIME]]+Table314[[#This Row],[CHANGE TIME]] -> 0 | H22: =IF('Residual-RosteredMATRIX-CARER'!F55=0,"",'Residual-RosteredMATRIX-CARER'!F55) | I22: =IF('Residual-RosteredMATRIX-CARER'!G55=0,"",'Residual-RosteredMATRIX-CARER'!G55) | J22: =IF('Residual-RosteredMATRIX-CARER'!H55=0,"",'Residual-RosteredMATRIX-CARER'!H55) | K22: =IF('Residual-RosteredMATRIX-CARER'!I55=0,"",'Residual-RosteredMATRIX-CARER'!I55) | L22: =IF('Residual-RosteredMATRIX-CARER'!J55=0,"",'Residual-RosteredMATRIX-CARER'!J55) | M22: =IF('Residual-RosteredMATRIX-CARER'!K55=0,"",'Residual-RosteredMATRIX-CARER'!K55) | N22: =IF('Residual-RosteredMATRIX-CARER'!L55=0,"",'Residual-RosteredMATRIX-CARER'!L55) | O22: =IF('Residual-RosteredMATRIX-CARER'!M55=0,"",'Residual-RosteredMATRIX-CARER'!M55) | ... AW22: =IF('Residual-RosteredMATRIX-CARER'!AU55=0,"",'Residual-RosteredMATRIX-CARER'!AU55)
A23: ='Residual-Rostered'!#REF! -> #REF! | B23: ='Residual-RosteredMATRIX-CARER'!D56 -> 0 | C23: ='Residual-RosteredMATRIX-CARER'!C56 -> 0 | D23: ='Residual-RosteredMATRIX-RN'!D56 -> 0 | E23: =Max_HRS-Table314[[#This Row],[ROSTERED TIME]] -> 76 | F23: =SUM(H23:AV23) -> 0 | G23: =Table314[[#This Row],[ROSTERED TIME]]+Table314[[#This Row],[CHANGE TIME]] -> 0 | H23: =IF('Residual-RosteredMATRIX-CARER'!F56=0,"",'Residual-RosteredMATRIX-CARER'!F56) | I23: =IF('Residual-RosteredMATRIX-CARER'!G56=0,"",'Residual-RosteredMATRIX-CARER'!G56) | J23: =IF('Residual-RosteredMATRIX-CARER'!H56=0,"",'Residual-RosteredMATRIX-CARER'!H56) | K23: =IF('Residual-RosteredMATRIX-CARER'!I56=0,"",'Residual-RosteredMATRIX-CARER'!I56) | L23: =IF('Residual-RosteredMATRIX-CARER'!J56=0,"",'Residual-RosteredMATRIX-CARER'!J56) | M23: =IF('Residual-RosteredMATRIX-CARER'!K56=0,"",'Residual-RosteredMATRIX-CARER'!K56) | N23: =IF('Residual-RosteredMATRIX-CARER'!L56=0,"",'Residual-RosteredMATRIX-CARER'!L56) | O23: =IF('Residual-RosteredMATRIX-CARER'!M56=0,"",'Residual-RosteredMATRIX-CARER'!M56) | ... AW23: =IF('Residual-RosteredMATRIX-CARER'!AU56=0,"",'Residual-RosteredMATRIX-CARER'!AU56)
A24: ='Residual-Rostered'!#REF! -> #REF! | B24: ='Residual-RosteredMATRIX-CARER'!D57 -> 0 | C24: ='Residual-RosteredMATRIX-CARER'!C57 -> 0 | D24: ='Residual-RosteredMATRIX-RN'!D57 -> 0 | E24: =Max_HRS-Table314[[#This Row],[ROSTERED TIME]] -> 76 | F24: =SUM(H24:AV24) -> 0 | G24: =Table314[[#This Row],[ROSTERED TIME]]+Table314[[#This Row],[CHANGE TIME]] -> 0 | H24: =IF('Residual-RosteredMATRIX-CARER'!F57=0,"",'Residual-RosteredMATRIX-CARER'!F57) | I24: =IF('Residual-RosteredMATRIX-CARER'!G57=0,"",'Residual-RosteredMATRIX-CARER'!G57) | J24: =IF('Residual-RosteredMATRIX-CARER'!H57=0,"",'Residual-RosteredMATRIX-CARER'!H57) | K24: =IF('Residual-RosteredMATRIX-CARER'!I57=0,"",'Residual-RosteredMATRIX-CARER'!I57) | L24: =IF('Residual-RosteredMATRIX-CARER'!J57=0,"",'Residual-RosteredMATRIX-CARER'!J57) | M24: =IF('Residual-RosteredMATRIX-CARER'!K57=0,"",'Residual-RosteredMATRIX-CARER'!K57) | N24: =IF('Residual-RosteredMATRIX-CARER'!L57=0,"",'Residual-RosteredMATRIX-CARER'!L57) | O24: =IF('Residual-RosteredMATRIX-CARER'!M57=0,"",'Residual-RosteredMATRIX-CARER'!M57) | ... AW24: =IF('Residual-RosteredMATRIX-CARER'!AU57=0,"",'Residual-RosteredMATRIX-CARER'!AU57)
A25: ='Residual-Rostered'!#REF! -> #REF! | B25: ='Residual-RosteredMATRIX-CARER'!D58 -> 0 | C25: ='Residual-RosteredMATRIX-CARER'!C58 -> 0 | D25: ='Residual-RosteredMATRIX-RN'!D58 -> 0 | E25: =Max_HRS-Table314[[#This Row],[ROSTERED TIME]] -> 76 | F25: =SUM(H25:AV25) -> 0 | G25: =Table314[[#This Row],[ROSTERED TIME]]+Table314[[#This Row],[CHANGE TIME]] -> 0 | H25: =IF('Residual-RosteredMATRIX-CARER'!F58=0,"",'Residual-RosteredMATRIX-CARER'!F58) | I25: =IF('Residual-RosteredMATRIX-CARER'!G58=0,"",'Residual-RosteredMATRIX-CARER'!G58) | J25: =IF('Residual-RosteredMATRIX-CARER'!H58=0,"",'Residual-RosteredMATRIX-CARER'!H58) | K25: =IF('Residual-RosteredMATRIX-CARER'!I58=0,"",'Residual-RosteredMATRIX-CARER'!I58) | L25: =IF('Residual-RosteredMATRIX-CARER'!J58=0,"",'Residual-RosteredMATRIX-CARER'!J58) | M25: =IF('Residual-RosteredMATRIX-CARER'!K58=0,"",'Residual-RosteredMATRIX-CARER'!K58) | N25: =IF('Residual-RosteredMATRIX-CARER'!L58=0,"",'Residual-RosteredMATRIX-CARER'!L58) | O25: =IF('Residual-RosteredMATRIX-CARER'!M58=0,"",'Residual-RosteredMATRIX-CARER'!M58) | ... AW25: =IF('Residual-RosteredMATRIX-CARER'!AU58=0,"",'Residual-RosteredMATRIX-CARER'!AU58)
A26: ='Residual-Rostered'!#REF! -> #REF! | B26: ='Residual-RosteredMATRIX-CARER'!D59 -> 0 | C26: ='Residual-RosteredMATRIX-CARER'!C59 -> 0 | D26: ='Residual-RosteredMATRIX-RN'!D59 -> 0 | E26: =Max_HRS-Table314[[#This Row],[ROSTERED TIME]] -> 76 | F26: =SUM(H26:AV26) -> 0 | G26: =Table314[[#This Row],[ROSTERED TIME]]+Table314[[#This Row],[CHANGE TIME]] -> 0 | H26: =IF('Residual-RosteredMATRIX-CARER'!F59=0,"",'Residual-RosteredMATRIX-CARER'!F59) | I26: =IF('Residual-RosteredMATRIX-CARER'!G59=0,"",'Residual-RosteredMATRIX-CARER'!G59) | J26: =IF('Residual-RosteredMATRIX-CARER'!H59=0,"",'Residual-RosteredMATRIX-CARER'!H59) | K26: =IF('Residual-RosteredMATRIX-CARER'!I59=0,"",'Residual-RosteredMATRIX-CARER'!I59) | L26: =IF('Residual-RosteredMATRIX-CARER'!J59=0,"",'Residual-RosteredMATRIX-CARER'!J59) | M26: =IF('Residual-RosteredMATRIX-CARER'!K59=0,"",'Residual-RosteredMATRIX-CARER'!K59) | N26: =IF('Residual-RosteredMATRIX-CARER'!L59=0,"",'Residual-RosteredMATRIX-CARER'!L59) | O26: =IF('Residual-RosteredMATRIX-CARER'!M59=0,"",'Residual-RosteredMATRIX-CARER'!M59) | ... AW26: =IF('Residual-RosteredMATRIX-CARER'!AU59=0,"",'Residual-RosteredMATRIX-CARER'!AU59)
A27: ='Residual-Rostered'!#REF! -> #REF! | B27: ='Residual-RosteredMATRIX-CARER'!D60 -> 0 | C27: ='Residual-RosteredMATRIX-CARER'!C60 -> 0 | D27: ='Residual-RosteredMATRIX-RN'!D60 -> 0 | E27: =Max_HRS-Table314[[#This Row],[ROSTERED TIME]] -> 76 | F27: =SUM(H27:AV27) -> 0 | G27: =Table314[[#This Row],[ROSTERED TIME]]+Table314[[#This Row],[CHANGE TIME]] -> 0 | H27: =IF('Residual-RosteredMATRIX-CARER'!F60=0,"",'Residual-RosteredMATRIX-CARER'!F60) | I27: =IF('Residual-RosteredMATRIX-CARER'!G60=0,"",'Residual-RosteredMATRIX-CARER'!G60) | J27: =IF('Residual-RosteredMATRIX-CARER'!H60=0,"",'Residual-RosteredMATRIX-CARER'!H60) | K27: =IF('Residual-RosteredMATRIX-CARER'!I60=0,"",'Residual-RosteredMATRIX-CARER'!I60) | L27: =IF('Residual-RosteredMATRIX-CARER'!J60=0,"",'Residual-RosteredMATRIX-CARER'!J60) | M27: =IF('Residual-RosteredMATRIX-CARER'!K60=0,"",'Residual-RosteredMATRIX-CARER'!K60) | N27: =IF('Residual-RosteredMATRIX-CARER'!L60=0,"",'Residual-RosteredMATRIX-CARER'!L60) | O27: =IF('Residual-RosteredMATRIX-CARER'!M60=0,"",'Residual-RosteredMATRIX-CARER'!M60) | ... AW27: =IF('Residual-RosteredMATRIX-CARER'!AU60=0,"",'Residual-RosteredMATRIX-CARER'!AU60)
A28: ='Residual-Rostered'!#REF! -> #REF! | B28: ='Residual-RosteredMATRIX-CARER'!D61 -> 0 | C28: ='Residual-RosteredMATRIX-CARER'!C61 -> 0 | D28: ='Residual-RosteredMATRIX-RN'!D61 -> 0 | E28: =Max_HRS-Table314[[#This Row],[ROSTERED TIME]] -> 76 | F28: =SUM(H28:AV28) -> 0 | G28: =Table314[[#This Row],[ROSTERED TIME]]+Table314[[#This Row],[CHANGE TIME]] -> 0 | H28: =IF('Residual-RosteredMATRIX-CARER'!F61=0,"",'Residual-RosteredMATRIX-CARER'!F61) | I28: =IF('Residual-RosteredMATRIX-CARER'!G61=0,"",'Residual-RosteredMATRIX-CARER'!G61) | J28: =IF('Residual-RosteredMATRIX-CARER'!H61=0,"",'Residual-RosteredMATRIX-CARER'!H61) | K28: =IF('Residual-RosteredMATRIX-CARER'!I61=0,"",'Residual-RosteredMATRIX-CARER'!I61) | L28: =IF('Residual-RosteredMATRIX-CARER'!J61=0,"",'Residual-RosteredMATRIX-CARER'!J61) | M28: =IF('Residual-RosteredMATRIX-CARER'!K61=0,"",'Residual-RosteredMATRIX-CARER'!K61) | N28: =IF('Residual-RosteredMATRIX-CARER'!L61=0,"",'Residual-RosteredMATRIX-CARER'!L61) | O28: =IF('Residual-RosteredMATRIX-CARER'!M61=0,"",'Residual-RosteredMATRIX-CARER'!M61) | ... AW28: =IF('Residual-RosteredMATRIX-CARER'!AU61=0,"",'Residual-RosteredMATRIX-CARER'!AU61)
A29: ='Residual-Rostered'!#REF! -> #REF! | B29: ='Residual-RosteredMATRIX-CARER'!D62 -> 0 | C29: ='Residual-RosteredMATRIX-CARER'!C62 -> 0 | D29: ='Residual-RosteredMATRIX-RN'!D62 -> 0 | E29: =Max_HRS-Table314[[#This Row],[ROSTERED TIME]] -> 76 | F29: =SUM(H29:AV29) -> 0 | G29: =Table314[[#This Row],[ROSTERED TIME]]+Table314[[#This Row],[CHANGE TIME]] -> 0 | H29: =IF('Residual-RosteredMATRIX-CARER'!F62=0,"",'Residual-RosteredMATRIX-CARER'!F62) | I29: =IF('Residual-RosteredMATRIX-CARER'!G62=0,"",'Residual-RosteredMATRIX-CARER'!G62) | J29: =IF('Residual-RosteredMATRIX-CARER'!H62=0,"",'Residual-RosteredMATRIX-CARER'!H62) | K29: =IF('Residual-RosteredMATRIX-CARER'!I62=0,"",'Residual-RosteredMATRIX-CARER'!I62) | L29: =IF('Residual-RosteredMATRIX-CARER'!J62=0,"",'Residual-RosteredMATRIX-CARER'!J62) | M29: =IF('Residual-RosteredMATRIX-CARER'!K62=0,"",'Residual-RosteredMATRIX-CARER'!K62) | N29: =IF('Residual-RosteredMATRIX-CARER'!L62=0,"",'Residual-RosteredMATRIX-CARER'!L62) | O29: =IF('Residual-RosteredMATRIX-CARER'!M62=0,"",'Residual-RosteredMATRIX-CARER'!M62) | ... AW29: =IF('Residual-RosteredMATRIX-CARER'!AU62=0,"",'Residual-RosteredMATRIX-CARER'!AU62)
A30: ='Residual-Rostered'!#REF! -> #REF! | B30: ='Residual-RosteredMATRIX-CARER'!D63 -> 0 | C30: ='Residual-RosteredMATRIX-CARER'!C63 -> 0 | D30: ='Residual-RosteredMATRIX-RN'!D63 -> 0 | E30: =Max_HRS-Table314[[#This Row],[ROSTERED TIME]] -> 76 | F30: =SUM(H30:AV30) -> 0 | G30: =Table314[[#This Row],[ROSTERED TIME]]+Table314[[#This Row],[CHANGE TIME]] -> 0 | H30: =IF('Residual-RosteredMATRIX-RN'!E63=0,"",'Residual-RosteredMATRIX-RN'!E63) | I30: =IF('Residual-RosteredMATRIX-RN'!F63=0,"",'Residual-RosteredMATRIX-RN'!F63) | J30: =IF('Residual-RosteredMATRIX-RN'!G63=0,"",'Residual-RosteredMATRIX-RN'!G63) | K30: =IF('Residual-RosteredMATRIX-RN'!H63=0,"",'Residual-RosteredMATRIX-RN'!H63) | L30: =IF('Residual-RosteredMATRIX-RN'!I63=0,"",'Residual-RosteredMATRIX-RN'!I63) | M30: =IF('Residual-RosteredMATRIX-RN'!J63=0,"",'Residual-RosteredMATRIX-RN'!J63) | N30: =IF('Residual-RosteredMATRIX-RN'!K63=0,"",'Residual-RosteredMATRIX-RN'!K63) | O30: =IF('Residual-RosteredMATRIX-RN'!L63=0,"",'Residual-RosteredMATRIX-RN'!L63) | ... AW30: =IF('Residual-RosteredMATRIX-RN'!AT63=0,"",'Residual-RosteredMATRIX-RN'!AT63)
A31: ='Residual-Rostered'!#REF! -> #REF! | B31: ='Residual-RosteredMATRIX-CARER'!D64 -> 0 | C31: ='Residual-RosteredMATRIX-CARER'!C64 -> 0 | D31: ='Residual-RosteredMATRIX-RN'!D64 -> 0 | E31: =Max_HRS-Table314[[#This Row],[ROSTERED TIME]] -> 76 | F31: =SUM(H31:AV31) -> 0 | G31: =Table314[[#This Row],[ROSTERED TIME]]+Table314[[#This Row],[CHANGE TIME]] -> 0 | H31: =IF('Residual-RosteredMATRIX-RN'!E64=0,"",'Residual-RosteredMATRIX-RN'!E64) | I31: =IF('Residual-RosteredMATRIX-RN'!F64=0,"",'Residual-RosteredMATRIX-RN'!F64) | J31: =IF('Residual-RosteredMATRIX-RN'!G64=0,"",'Residual-RosteredMATRIX-RN'!G64) | K31: =IF('Residual-RosteredMATRIX-RN'!H64=0,"",'Residual-RosteredMATRIX-RN'!H64) | L31: =IF('Residual-RosteredMATRIX-RN'!I64=0,"",'Residual-RosteredMATRIX-RN'!I64) | M31: =IF('Residual-RosteredMATRIX-RN'!J64=0,"",'Residual-RosteredMATRIX-RN'!J64) | N31: =IF('Residual-RosteredMATRIX-RN'!K64=0,"",'Residual-RosteredMATRIX-RN'!K64) | O31: =IF('Residual-RosteredMATRIX-RN'!L64=0,"",'Residual-RosteredMATRIX-RN'!L64) | ... AW31: =IF('Residual-RosteredMATRIX-RN'!AT64=0,"",'Residual-RosteredMATRIX-RN'!AT64)
A32: ='Residual-Rostered'!#REF! -> #REF! | B32: ='Residual-RosteredMATRIX-CARER'!D65 -> 0 | C32: ='Residual-RosteredMATRIX-CARER'!C65 -> 0 | D32: ='Residual-RosteredMATRIX-RN'!D65 -> 0 | E32: =Max_HRS-Table314[[#This Row],[ROSTERED TIME]] -> 76 | F32: =SUM(H32:AV32) -> 0 | G32: =Table314[[#This Row],[ROSTERED TIME]]+Table314[[#This Row],[CHANGE TIME]] -> 0 | H32: =IF('Residual-RosteredMATRIX-RN'!E65=0,"",'Residual-RosteredMATRIX-RN'!E65) | I32: =IF('Residual-RosteredMATRIX-RN'!F65=0,"",'Residual-RosteredMATRIX-RN'!F65) | J32: =IF('Residual-RosteredMATRIX-RN'!G65=0,"",'Residual-RosteredMATRIX-RN'!G65) | K32: =IF('Residual-RosteredMATRIX-RN'!H65=0,"",'Residual-RosteredMATRIX-RN'!H65) | L32: =IF('Residual-RosteredMATRIX-RN'!I65=0,"",'Residual-RosteredMATRIX-RN'!I65) | M32: =IF('Residual-RosteredMATRIX-RN'!J65=0,"",'Residual-RosteredMATRIX-RN'!J65) | N32: =IF('Residual-RosteredMATRIX-RN'!K65=0,"",'Residual-RosteredMATRIX-RN'!K65) | O32: =IF('Residual-RosteredMATRIX-RN'!L65=0,"",'Residual-RosteredMATRIX-RN'!L65) | ... AW32: =IF('Residual-RosteredMATRIX-RN'!AT65=0,"",'Residual-RosteredMATRIX-RN'!AT65)
A33: ='Residual-Rostered'!#REF! -> #REF! | B33: ='Residual-RosteredMATRIX-CARER'!D66 -> 0 | C33: ='Residual-RosteredMATRIX-CARER'!C66 -> 0 | D33: ='Residual-RosteredMATRIX-RN'!D66 -> 0 | E33: =Max_HRS-Table314[[#This Row],[ROSTERED TIME]] -> 76 | F33: =SUM(H33:AV33) -> 0 | G33: =Table314[[#This Row],[ROSTERED TIME]]+Table314[[#This Row],[CHANGE TIME]] -> 0 | H33: =IF('Residual-RosteredMATRIX-RN'!E66=0,"",'Residual-RosteredMATRIX-RN'!E66) | I33: =IF('Residual-RosteredMATRIX-RN'!F66=0,"",'Residual-RosteredMATRIX-RN'!F66) | J33: =IF('Residual-RosteredMATRIX-RN'!G66=0,"",'Residual-RosteredMATRIX-RN'!G66) | K33: =IF('Residual-RosteredMATRIX-RN'!H66=0,"",'Residual-RosteredMATRIX-RN'!H66) | L33: =IF('Residual-RosteredMATRIX-RN'!I66=0,"",'Residual-RosteredMATRIX-RN'!I66) | M33: =IF('Residual-RosteredMATRIX-RN'!J66=0,"",'Residual-RosteredMATRIX-RN'!J66) | N33: =IF('Residual-RosteredMATRIX-RN'!K66=0,"",'Residual-RosteredMATRIX-RN'!K66) | O33: =IF('Residual-RosteredMATRIX-RN'!L66=0,"",'Residual-RosteredMATRIX-RN'!L66) | ... AW33: =IF('Residual-RosteredMATRIX-RN'!AT66=0,"",'Residual-RosteredMATRIX-RN'!AT66)
A34: ='Residual-Rostered'!#REF! -> #REF! | B34: ='Residual-RosteredMATRIX-CARER'!D2 -> Carer | C34: ='Residual-RosteredMATRIX-CARER'!C2 -> Anderson, Laura | D34: ='Residual-RosteredMATRIX-CARER'!E2 -> 59.5 | E34: =Max_HRS-Table314[[#This Row],[ROSTERED TIME]] -> 16.5 | F34: =SUM(H34:AV34) -> 8.1 | G34: =Table314[[#This Row],[ROSTERED TIME]]+Table314[[#This Row],[CHANGE TIME]] -> 67.6 | H34: =IF('Residual-RosteredMATRIX-CARER'!F2=0,"",'Residual-RosteredMATRIX-CARER'!F2) | I34: 1 | J34: =IF('Residual-RosteredMATRIX-CARER'!H2=0,"",'Residual-RosteredMATRIX-CARER'!H2) | K34: =IF('Residual-RosteredMATRIX-CARER'!I2=0,"",'Residual-RosteredMATRIX-CARER'!I2) | L34: =IF('Residual-RosteredMATRIX-CARER'!J2=0,"",'Residual-RosteredMATRIX-CARER'!J2) -> 1/ 7 | M34: =IF('Residual-RosteredMATRIX-CARER'!K2=0,"",'Residual-RosteredMATRIX-CARER'!K2) | N34: =IF('Residual-RosteredMATRIX-CARER'!L2=0,"",'Residual-RosteredMATRIX-CARER'!L2) | P34: =IF('Residual-RosteredMATRIX-CARER'!N2=0,"",'Residual-RosteredMATRIX-CARER'!N2) | Q34: =IF('Residual-RosteredMATRIX-CARER'!O2=0,"",'Residual-RosteredMATRIX-CARER'!O2) | R34: =IF('Residual-RosteredMATRIX-CARER'!P2=0,"",'Residual-RosteredMATRIX-CARER'!P2) -> 1/ 7 | S34: =IF('Residual-RosteredMATRIX-CARER'!Q2=0,"",'Residual-RosteredMATRIX-CARER'!Q2) | T34: =IF('Residual-RosteredMATRIX-CARER'!R2=0,"",'Residual-RosteredMATRIX-CARER'!R2) | U34: =IF('Residual-RosteredMATRIX-CARER'!S2=0,"",'Residual-RosteredMATRIX-CARER'!S2) | V34: =IF('Residual-RosteredMATRIX-CARER'!T2=0,"",'Residual-RosteredMATRIX-CARER'!T2) | W34: =IF('Residual-RosteredMATRIX-CARER'!U2=0,"",'Residual-RosteredMATRIX-CARER'!U2) | ... AI34: =IF('Residual-RosteredMATRIX-CARER'!AG2=0,"",'Residual-RosteredMATRIX-CARER'!AG2) | AJ34: 7.1 | AK34: =IF('Residual-RosteredMATRIX-CARER'!AI2=0,"",'Residual-RosteredMATRIX-CARER'!AI2) | AL34: =IF('Residual-RosteredMATRIX-CARER'!AJ2=0,"",'Residual-RosteredMATRIX-CARER'!AJ2) | AM34: =IF('Residual-RosteredMATRIX-CARER'!AK2=0,"",'Residual-RosteredMATRIX-CARER'!AK2) | AN34: =IF('Residual-RosteredMATRIX-CARER'!AL2=0,"",'Residual-RosteredMATRIX-CARER'!AL2) | AP34: =IF('Residual-RosteredMATRIX-CARER'!AN2=0,"",'Residual-RosteredMATRIX-CARER'!AN2) | AQ34: =IF('Residual-RosteredMATRIX-CARER'!AO2=0,"",'Residual-RosteredMATRIX-CARER'!AO2) | AR34: =IF('Residual-RosteredMATRIX-CARER'!AP2=0,"",'Residual-RosteredMATRIX-CARER'!AP2) -> 0.5/ 7.5 | AS34: =IF('Residual-RosteredMATRIX-CARER'!AQ2=0,"",'Residual-RosteredMATRIX-CARER'!AQ2) | AT34: =IF('Residual-RosteredMATRIX-CARER'!AR2=0,"",'Residual-RosteredMATRIX-CARER'!AR2) | AU34: =IF('Residual-RosteredMATRIX-CARER'!AS2=0,"",'Residual-RosteredMATRIX-CARER'!AS2) -> 0.5/ 7.5 | AV34: =IF('Residual-RosteredMATRIX-CARER'!AT2=0,"",'Residual-RosteredMATRIX-CARER'!AT2) | AW34: =IF('Residual-RosteredMATRIX-CARER'!AU2=0,"",'Residual-RosteredMATRIX-CARER'!AU2)
A35: ='Residual-Rostered'!#REF! -> #REF! | B35: ='Residual-RosteredMATRIX-CARER'!D4 -> Carer | C35: ='Residual-RosteredMATRIX-CARER'!C4 -> Anscombe, Misty | D35: ='Residual-RosteredMATRIX-CARER'!E4 -> 54.5 | E35: =Max_HRS-Table314[[#This Row],[ROSTERED TIME]] -> 21.5 | F35: =SUM(H35:AV35) -> 0 | G35: =Table314[[#This Row],[ROSTERED TIME]]+Table314[[#This Row],[CHANGE TIME]] -> 54.5 | H35: =IF('Residual-RosteredMATRIX-CARER'!F4=0,"",'Residual-RosteredMATRIX-CARER'!F4) | I35: =IF('Residual-RosteredMATRIX-CARER'!G4=0,"",'Residual-RosteredMATRIX-CARER'!G4) | J35: =IF('Residual-RosteredMATRIX-CARER'!H4=0,"",'Residual-RosteredMATRIX-CARER'!H4) | K35: =IF('Residual-RosteredMATRIX-CARER'!I4=0,"",'Residual-RosteredMATRIX-CARER'!I4) | L35: =IF('Residual-RosteredMATRIX-CARER'!J4=0,"",'Residual-RosteredMATRIX-CARER'!J4) | M35: =IF('Residual-RosteredMATRIX-CARER'!K4=0,"",'Residual-RosteredMATRIX-CARER'!K4) | N35: =IF('Residual-RosteredMATRIX-CARER'!L4=0,"",'Residual-RosteredMATRIX-CARER'!L4) | O35: =IF('Residual-RosteredMATRIX-CARER'!M4=0,"",'Residual-RosteredMATRIX-CARER'!M4) -> 0/ 7.8 | ... AW35: =IF('Residual-RosteredMATRIX-CARER'!AU4=0,"",'Residual-RosteredMATRIX-CARER'!AU4) -> 0/ 0.2
A36: ='Residual-Rostered'!#REF! -> #REF! | B36: ='Residual-RosteredMATRIX-CARER'!D6 -> Carer | C36: ='Residual-RosteredMATRIX-CARER'!C6 -> Armstrong, Gillian | D36: ='Residual-RosteredMATRIX-CARER'!E6 -> 15 | E36: =Max_HRS-Table314[[#This Row],[ROSTERED TIME]] -> 61 | F36: =SUM(H36:AV36) -> 0 | G36: =Table314[[#This Row],[ROSTERED TIME]]+Table314[[#This Row],[CHANGE TIME]] -> 15 | H36: =IF('Residual-RosteredMATRIX-CARER'!F6=0,"",'Residual-RosteredMATRIX-CARER'!F6) | I36: =IF('Residual-RosteredMATRIX-CARER'!G6=0,"",'Residual-RosteredMATRIX-CARER'!G6) | J36: =IF('Residual-RosteredMATRIX-CARER'!H6=0,"",'Residual-RosteredMATRIX-CARER'!H6) | K36: =IF('Residual-RosteredMATRIX-CARER'!I6=0,"",'Residual-RosteredMATRIX-CARER'!I6) | L36: =IF('Residual-RosteredMATRIX-CARER'!J6=0,"",'Residual-RosteredMATRIX-CARER'!J6) | M36: =IF('Residual-RosteredMATRIX-CARER'!K6=0,"",'Residual-RosteredMATRIX-CARER'!K6) | N36: =IF('Residual-RosteredMATRIX-CARER'!L6=0,"",'Residual-RosteredMATRIX-CARER'!L6) -> 0.5/ 7.5 | O36: =IF('Residual-RosteredMATRIX-CARER'!M6=0,"",'Residual-RosteredMATRIX-CARER'!M6) | ... AF36: =IF('Residual-RosteredMATRIX-CARER'!AD6=0,"",'Residual-RosteredMATRIX-CARER'!AD6) -> 0.5/ 7.5 | AG36: =IF('Residual-RosteredMATRIX-CARER'!AE5=0,"",'Residual-RosteredMATRIX-CARER'!AE5) | AH36: =IF('Residual-RosteredMATRIX-CARER'!AF6=0,"",'Residual-RosteredMATRIX-CARER'!AF6) | AI36: =IF('Residual-RosteredMATRIX-CARER'!AG6=0,"",'Residual-RosteredMATRIX-CARER'!AG6) | AJ36: =IF('Residual-RosteredMATRIX-CARER'!AH6=0,"",'Residual-RosteredMATRIX-CARER'!AH6) | AK36: =IF('Residual-RosteredMATRIX-CARER'!AI6=0,"",'Residual-RosteredMATRIX-CARER'!AI6) | AL36: =IF('Residual-RosteredMATRIX-CARER'!AJ6=0,"",'Residual-RosteredMATRIX-CARER'!AJ6) | AM36: =IF('Residual-RosteredMATRIX-CARER'!AK6=0,"",'Residual-RosteredMATRIX-CARER'!AK6) | AN36: =IF('Residual-RosteredMATRIX-CARER'!AL6=0,"",'Residual-RosteredMATRIX-CARER'!AL6) | AO36: =IF('Residual-RosteredMATRIX-CARER'!AM6=0,"",'Residual-RosteredMATRIX-CARER'!AM6) | ... AW36: =IF('Residual-RosteredMATRIX-CARER'!AU6=0,"",'Residual-RosteredMATRIX-CARER'!AU6)
A37: ='Residual-Rostered'!#REF! -> #REF! | B37: ='Residual-RosteredMATRIX-CARER'!D8 -> Carer | C37: ='Residual-RosteredMATRIX-CARER'!C8 -> Aspinall, Samantha | D37: ='Residual-RosteredMATRIX-CARER'!E8 -> 57 | E37: =Max_HRS-Table314[[#This Row],[ROSTERED TIME]] -> 19 | F37: =SUM(H37:AV37) -> 8.3 | G37: =Table314[[#This Row],[ROSTERED TIME]]+Table314[[#This Row],[CHANGE TIME]] -> 65.3 | H37: =IF('Residual-RosteredMATRIX-CARER'!F8=0,"",'Residual-RosteredMATRIX-CARER'!F8) -> 0.5/ 7.5 | I37: =IF('Residual-RosteredMATRIX-CARER'!G8=0,"",'Residual-RosteredMATRIX-CARER'!G8) | J37: =IF('Residual-RosteredMATRIX-CARER'!H8=0,"",'Residual-RosteredMATRIX-CARER'!H8) | K37: =IF('Residual-RosteredMATRIX-CARER'!I8=0,"",'Residual-RosteredMATRIX-CARER'!I8) -> 1.9/ 6 | L37: =IF('Residual-RosteredMATRIX-CARER'!J8=0,"",'Residual-RosteredMATRIX-CARER'!J8) | M37: =IF('Residual-RosteredMATRIX-CARER'!K8=0,"",'Residual-RosteredMATRIX-CARER'!K8) | N37: =IF('Residual-RosteredMATRIX-CARER'!L8=0,"",'Residual-RosteredMATRIX-CARER'!L8) -> 1.9/ 6 | O37: =IF('Residual-RosteredMATRIX-CARER'!M8=0,"",'Residual-RosteredMATRIX-CARER'!M8) | ... S37: =IF('Residual-RosteredMATRIX-CARER'!Q8=0,"",'Residual-RosteredMATRIX-CARER'!Q8) | T37: 7.8 | U37: 0.5 | V37: =IF('Residual-RosteredMATRIX-CARER'!T8=0,"",'Residual-RosteredMATRIX-CARER'!T8) | W37: =IF('Residual-RosteredMATRIX-CARER'!U8=0,"",'Residual-RosteredMATRIX-CARER'!U8) | X37: =IF('Residual-RosteredMATRIX-CARER'!V8=0,"",'Residual-RosteredMATRIX-CARER'!V8) | Y37: =IF('Residual-RosteredMATRIX-CARER'!W8=0,"",'Residual-RosteredMATRIX-CARER'!W8) | Z37: =IF('Residual-RosteredMATRIX-CARER'!X8=0,"",'Residual-RosteredMATRIX-CARER'!X8) | AA37: =IF('Residual-RosteredMATRIX-CARER'!Y8=0,"",'Residual-RosteredMATRIX-CARER'!Y8) | AB37: =IF('Residual-RosteredMATRIX-CARER'!Z8=0,"",'Residual-RosteredMATRIX-CARER'!Z8) | AC37: =IF('Residual-RosteredMATRIX-CARER'!AA8=0,"",'Residual-RosteredMATRIX-CARER'!AA8) -> 0.5/ 7.5 | ... AF37: =IF('Residual-RosteredMATRIX-CARER'!AD8=0,"",'Residual-RosteredMATRIX-CARER'!AD8) -> 0.5/ 7.5 | AG37: =IF('Residual-RosteredMATRIX-CARER'!AE6=0,"",'Residual-RosteredMATRIX-CARER'!AE6) | AH37: =IF('Residual-RosteredMATRIX-CARER'!AF8=0,"",'Residual-RosteredMATRIX-CARER'!AF8) | AI37: =IF('Residual-RosteredMATRIX-CARER'!AG8=0,"",'Residual-RosteredMATRIX-CARER'!AG8) -> 0.5/ 7.5 | AJ37: =IF('Residual-RosteredMATRIX-CARER'!AH8=0,"",'Residual-RosteredMATRIX-CARER'!AH8) | AK37: =IF('Residual-RosteredMATRIX-CARER'!AI8=0,"",'Residual-RosteredMATRIX-CARER'!AI8) | AL37: =IF('Residual-RosteredMATRIX-CARER'!AJ8=0,"",'Residual-RosteredMATRIX-CARER'!AJ8) -> 0.5/ 7.5 | AM37: =IF('Residual-RosteredMATRIX-CARER'!AK8=0,"",'Residual-RosteredMATRIX-CARER'!AK8) | AN37: =IF('Residual-RosteredMATRIX-CARER'!AL8=0,"",'Residual-RosteredMATRIX-CARER'!AL8) | AO37: =IF('Residual-RosteredMATRIX-CARER'!AM8=0,"",'Residual-RosteredMATRIX-CARER'!AM8) | ... AW37: =IF('Residual-RosteredMATRIX-CARER'!AU8=0,"",'Residual-RosteredMATRIX-CARER'!AU8)
A38: ='Residual-Rostered'!#REF! -> #REF! | B38: ='Residual-RosteredMATRIX-CARER'!D67 -> 0 | C38: Christine Clark | D38: ='Residual-RosteredMATRIX-RN'!E67 -> 0 | E38: =Max_HRS-Table314[[#This Row],[ROSTERED TIME]] -> 76 | F38: =SUM(H38:AV38) -> 76.9 | G38: =Table314[[#This Row],[ROSTERED TIME]]+Table314[[#This Row],[CHANGE TIME]] -> 76.9 | H38: =IF('Residual-RosteredMATRIX-RN'!F67=0,"",'Residual-RosteredMATRIX-RN'!F67) | I38: =IF('Residual-RosteredMATRIX-RN'!G67=0,"",'Residual-RosteredMATRIX-RN'!G67) | J38: =IF('Residual-RosteredMATRIX-RN'!H67=0,"",'Residual-RosteredMATRIX-RN'!H67) | K38: =IF('Residual-RosteredMATRIX-RN'!I67=0,"",'Residual-RosteredMATRIX-RN'!I67) | L38: =IF('Residual-RosteredMATRIX-RN'!J67=0,"",'Residual-RosteredMATRIX-RN'!J67) | M38: =IF('Residual-RosteredMATRIX-RN'!K67=0,"",'Residual-RosteredMATRIX-RN'!K67) | N38: 7.8 | O38: =IF('Residual-RosteredMATRIX-RN'!M67=0,"",'Residual-RosteredMATRIX-RN'!M67) | P38: =IF('Residual-RosteredMATRIX-RN'!N67=0,"",'Residual-RosteredMATRIX-RN'!N67) | Q38: 7.8 | S38: =IF('Residual-RosteredMATRIX-RN'!Q67=0,"",'Residual-RosteredMATRIX-RN'!Q67) | T38: 7.8 | U38: 0.5 | V38: =IF('Residual-RosteredMATRIX-RN'!T67=0,"",'Residual-RosteredMATRIX-RN'!T67) | W38: 7.2 | X38: =IF('Residual-RosteredMATRIX-RN'!V67=0,"",'Residual-RosteredMATRIX-RN'!V67) | Y38: =IF('Residual-RosteredMATRIX-RN'!W67=0,"",'Residual-RosteredMATRIX-RN'!W67) | Z38: 7.2 | AB38: =IF('Residual-RosteredMATRIX-RN'!Z67=0,"",'Residual-RosteredMATRIX-RN'!Z67) | AE38: =IF('Residual-RosteredMATRIX-RN'!AC67=0,"",'Residual-RosteredMATRIX-RN'!AC67) | AF38: =IF('Residual-RosteredMATRIX-RN'!AD67=0,"",'Residual-RosteredMATRIX-RN'!AD67) | AG38: =IF('Residual-RosteredMATRIX-CARER'!AE7=0,"",'Residual-RosteredMATRIX-CARER'!AE7) | AH38: =IF('Residual-RosteredMATRIX-RN'!AF67=0,"",'Residual-RosteredMATRIX-RN'!AF67) | AI38: 7.8 | AK38: =IF('Residual-RosteredMATRIX-RN'!AI67=0,"",'Residual-RosteredMATRIX-RN'!AI67) | AL38: =IF('Residual-RosteredMATRIX-RN'!AJ67=0,"",'Residual-RosteredMATRIX-RN'!AJ67) | AM38: 7.8 | AN38: =IF('Residual-RosteredMATRIX-RN'!AL67=0,"",'Residual-RosteredMATRIX-RN'!AL67) | AO38: 7.8 | AP38: =IF('Residual-RosteredMATRIX-RN'!AN67=0,"",'Residual-RosteredMATRIX-RN'!AN67) | AQ38: =IF('Residual-RosteredMATRIX-RN'!AO67=0,"",'Residual-RosteredMATRIX-RN'!AO67) | AR38: 7.8 | AS38: =IF('Residual-RosteredMATRIX-RN'!AQ67=0,"",'Residual-RosteredMATRIX-RN'!AQ67) | AT38: =IF('Residual-RosteredMATRIX-RN'!AR67=0,"",'Residual-RosteredMATRIX-RN'!AR67) | AU38: 7.4 | AV38: =IF('Residual-RosteredMATRIX-RN'!AT67=0,"",'Residual-RosteredMATRIX-RN'!AT67) | AW38: =IF('Residual-RosteredMATRIX-RN'!AU67=0,"",'Residual-RosteredMATRIX-RN'!AU67)
A39: ='Residual-Rostered'!#REF! -> #REF! | B39: ='Residual-RosteredMATRIX-CARER'!D10 -> Carer | C39: ='Residual-RosteredMATRIX-CARER'!C10 -> Brown, Maria | D39: ='Residual-RosteredMATRIX-CARER'!E10 -> 60 | E39: =Max_HRS-Table314[[#This Row],[ROSTERED TIME]] -> 16 | F39: =SUM(H39:AV39) -> 0 | G39: =Table314[[#This Row],[ROSTERED TIME]]+Table314[[#This Row],[CHANGE TIME]] -> 60 | H39: =IF('Residual-RosteredMATRIX-CARER'!F10=0,"",'Residual-RosteredMATRIX-CARER'!F10) -> 0.5/ 7.5 | I39: =IF('Residual-RosteredMATRIX-CARER'!G10=0,"",'Residual-RosteredMATRIX-CARER'!G10) | J39: =IF('Residual-RosteredMATRIX-CARER'!H10=0,"",'Residual-RosteredMATRIX-CARER'!H10) | K39: =IF('Residual-RosteredMATRIX-CARER'!I10=0,"",'Residual-RosteredMATRIX-CARER'!I10) | L39: =IF('Residual-RosteredMATRIX-CARER'!J10=0,"",'Residual-RosteredMATRIX-CARER'!J10) | M39: =IF('Residual-RosteredMATRIX-CARER'!K10=0,"",'Residual-RosteredMATRIX-CARER'!K10) | N39: =IF('Residual-RosteredMATRIX-CARER'!L10=0,"",'Residual-RosteredMATRIX-CARER'!L10) | O39: =IF('Residual-RosteredMATRIX-CARER'!M10=0,"",'Residual-RosteredMATRIX-CARER'!M10) | ... AF39: =IF('Residual-RosteredMATRIX-CARER'!AD10=0,"",'Residual-RosteredMATRIX-CARER'!AD10) | AG39: =IF('Residual-RosteredMATRIX-CARER'!AE8=0,"",'Residual-RosteredMATRIX-CARER'!AE8) | AH39: =IF('Residual-RosteredMATRIX-CARER'!AF10=0,"",'Residual-RosteredMATRIX-CARER'!AF10) | AI39: =IF('Residual-RosteredMATRIX-CARER'!AG10=0,"",'Residual-RosteredMATRIX-CARER'!AG10) -> 0.5/ 7.5 | AJ39: =IF('Residual-RosteredMATRIX-CARER'!AH10=0,"",'Residual-RosteredMATRIX-CARER'!AH10) | AK39: =IF('Residual-RosteredMATRIX-CARER'!AI10=0,"",'Residual-RosteredMATRIX-CARER'!AI10) | AL39: =IF('Residual-RosteredMATRIX-CARER'!AJ10=0,"",'Residual-RosteredMATRIX-CARER'!AJ10) -> 0.5/ 7.5 | AM39: =IF('Residual-RosteredMATRIX-CARER'!AK10=0,"",'Residual-RosteredMATRIX-CARER'!AK10) | AN39: =IF('Residual-RosteredMATRIX-CARER'!AL10=0,"",'Residual-RosteredMATRIX-CARER'!AL10) | AO39: =IF('Residual-RosteredMATRIX-CARER'!AM10=0,"",'Residual-RosteredMATRIX-CARER'!AM10) -> 0.5/ 7.5 | ... AW39: =IF('Residual-RosteredMATRIX-CARER'!AU10=0,"",'Residual-RosteredMATRIX-CARER'!AU10)
A40: ='Residual-Rostered'!#REF! -> #REF! | B40: ='Residual-RosteredMATRIX-CARER'!D12 -> Carer | C40: ='Residual-RosteredMATRIX-CARER'!C12 -> Burgmann, Robyn | D40: ='Residual-RosteredMATRIX-CARER'!E12 -> 64 | E40: =Max_HRS-Table314[[#This Row],[ROSTERED TIME]] -> 12 | F40: =SUM(H40:AV40) -> 7.8 | G40: =Table314[[#This Row],[ROSTERED TIME]]+Table314[[#This Row],[CHANGE TIME]] -> 71.8 | H40: =IF('Residual-RosteredMATRIX-CARER'!F12=0,"",'Residual-RosteredMATRIX-CARER'!F12) | I40: =IF('Residual-RosteredMATRIX-CARER'!G12=0,"",'Residual-RosteredMATRIX-CARER'!G12) -> 0/ 7.8 | J40: =IF('Residual-RosteredMATRIX-CARER'!H12=0,"",'Residual-RosteredMATRIX-CARER'!H12) -> 0/ 0.2 | K40: =IF('Residual-RosteredMATRIX-CARER'!I12=0,"",'Residual-RosteredMATRIX-CARER'!I12) | L40: =IF('Residual-RosteredMATRIX-CARER'!J12=0,"",'Residual-RosteredMATRIX-CARER'!J12) -> 0/ 7.8 | M40: =IF('Residual-RosteredMATRIX-CARER'!K12=0,"",'Residual-RosteredMATRIX-CARER'!K12) -> 0/ 0.2 | N40: =IF('Residual-RosteredMATRIX-CARER'!L12=0,"",'Residual-RosteredMATRIX-CARER'!L12) | O40: =IF('Residual-RosteredMATRIX-CARER'!M12=0,"",'Residual-RosteredMATRIX-CARER'!M12) | P40: 7.8 | Q40: =IF('Residual-RosteredMATRIX-CARER'!O12=0,"",'Residual-RosteredMATRIX-CARER'!O12) | R40: =IF('Residual-RosteredMATRIX-CARER'!P12=0,"",'Residual-RosteredMATRIX-CARER'!P12) | T40: =IF('Residual-RosteredMATRIX-CARER'!R12=0,"",'Residual-RosteredMATRIX-CARER'!R12) | U40: =IF('Residual-RosteredMATRIX-CARER'!S12=0,"",'Residual-RosteredMATRIX-CARER'!S12) | V40: =IF('Residual-RosteredMATRIX-CARER'!T12=0,"",'Residual-RosteredMATRIX-CARER'!T12) | W40: =IF('Residual-RosteredMATRIX-CARER'!U12=0,"",'Residual-RosteredMATRIX-CARER'!U12) | X40: =IF('Residual-RosteredMATRIX-CARER'!V12=0,"",'Residual-RosteredMATRIX-CARER'!V12) | Y40: =IF('Residual-RosteredMATRIX-CARER'!W12=0,"",'Residual-RosteredMATRIX-CARER'!W12) | Z40: =IF('Residual-RosteredMATRIX-CARER'!X12=0,"",'Residual-RosteredMATRIX-CARER'!X12) | AA40: =IF('Residual-RosteredMATRIX-CARER'!Y12=0,"",'Residual-RosteredMATRIX-CARER'!Y12) | ... AF40: =IF('Residual-RosteredMATRIX-CARER'!AD12=0,"",'Residual-RosteredMATRIX-CARER'!AD12) | AG40: =IF('Residual-RosteredMATRIX-CARER'!AE9=0,"",'Residual-RosteredMATRIX-CARER'!AE9) -> 0/ 0.5 | AH40: =IF('Residual-RosteredMATRIX-CARER'!AF12=0,"",'Residual-RosteredMATRIX-CARER'!AF12) -> 0/ 0.2 | AI40: =IF('Residual-RosteredMATRIX-CARER'!AG12=0,"",'Residual-RosteredMATRIX-CARER'!AG12) | AJ40: =IF('Residual-RosteredMATRIX-CARER'!AH12=0,"",'Residual-RosteredMATRIX-CARER'!AH12) -> 0/ 7.8 | AK40: =IF('Residual-RosteredMATRIX-CARER'!AI12=0,"",'Residual-RosteredMATRIX-CARER'!AI12) -> 0/ 0.2 | AL40: =IF('Residual-RosteredMATRIX-CARER'!AJ12=0,"",'Residual-RosteredMATRIX-CARER'!AJ12) | AM40: =IF('Residual-RosteredMATRIX-CARER'!AK12=0,"",'Residual-RosteredMATRIX-CARER'!AK12) | AN40: =IF('Residual-RosteredMATRIX-CARER'!AL12=0,"",'Residual-RosteredMATRIX-CARER'!AL12) | AO40: =IF('Residual-RosteredMATRIX-CARER'!AM12=0,"",'Residual-RosteredMATRIX-CARER'!AM12) | ... AW40: =IF('Residual-RosteredMATRIX-CARER'!AU12=0,"",'Residual-RosteredMATRIX-CARER'!AU12) -> 0/ 0.2
A41: ='Residual-Rostered'!#REF! -> #REF! | B41: ='Residual-RosteredMATRIX-CARER'!D13 -> Carer | C41: ='Residual-RosteredMATRIX-CARER'!C13 -> Campbell, Marley | D41: ='Residual-RosteredMATRIX-CARER'!E13 -> 68 | E41: =Max_HRS-Table314[[#This Row],[ROSTERED TIME]] -> 8 | F41: =SUM(H41:AV41) -> 1 | G41: =Table314[[#This Row],[ROSTERED TIME]]+Table314[[#This Row],[CHANGE TIME]] -> 69 | H41: =IF('Residual-RosteredMATRIX-CARER'!F13=0,"",'Residual-RosteredMATRIX-CARER'!F13) | I41: =IF('Residual-RosteredMATRIX-CARER'!G13=0,"",'Residual-RosteredMATRIX-CARER'!G13) -> 0/ 7.8 | J41: =IF('Residual-RosteredMATRIX-CARER'!H13=0,"",'Residual-RosteredMATRIX-CARER'!H13) -> 0/ 0.2 | K41: =IF('Residual-RosteredMATRIX-CARER'!I13=0,"",'Residual-RosteredMATRIX-CARER'!I13) | L41: =IF('Residual-RosteredMATRIX-CARER'!J13=0,"",'Residual-RosteredMATRIX-CARER'!J13) -> 0/ 7.8 | M41: =IF('Residual-RosteredMATRIX-CARER'!K13=0,"",'Residual-RosteredMATRIX-CARER'!K13) -> 0/ 0.2 | N41: =IF('Residual-RosteredMATRIX-CARER'!L13=0,"",'Residual-RosteredMATRIX-CARER'!L13) | O41: =IF('Residual-RosteredMATRIX-CARER'!M13=0,"",'Residual-RosteredMATRIX-CARER'!M13) | ... AF41: =IF('Residual-RosteredMATRIX-CARER'!AD13=0,"",'Residual-RosteredMATRIX-CARER'!AD13) | AG41: =IF('Residual-RosteredMATRIX-CARER'!AE10=0,"",'Residual-RosteredMATRIX-CARER'!AE10) | AH41: =IF('Residual-RosteredMATRIX-CARER'!AF13=0,"",'Residual-RosteredMATRIX-CARER'!AF13) | AI41: =IF('Residual-RosteredMATRIX-CARER'!AG13=0,"",'Residual-RosteredMATRIX-CARER'!AG13) | AJ41: =IF('Residual-RosteredMATRIX-CARER'!AH13=0,"",'Residual-RosteredMATRIX-CARER'!AH13) -> 1/ 7 | AK41: =IF('Residual-RosteredMATRIX-CARER'!AI13=0,"",'Residual-RosteredMATRIX-CARER'!AI13) | AL41: =IF('Residual-RosteredMATRIX-CARER'!AJ13=0,"",'Residual-RosteredMATRIX-CARER'!AJ13) | AM41: 1 | AN41: =IF('Residual-RosteredMATRIX-CARER'!AL13=0,"",'Residual-RosteredMATRIX-CARER'!AL13) | AO41: =IF('Residual-RosteredMATRIX-CARER'!AM13=0,"",'Residual-RosteredMATRIX-CARER'!AM13) | AP41: =IF('Residual-RosteredMATRIX-CARER'!AN13=0,"",'Residual-RosteredMATRIX-CARER'!AN13) -> 1/ 7 | AQ41: =IF('Residual-RosteredMATRIX-CARER'!AO13=0,"",'Residual-RosteredMATRIX-CARER'!AO13) | AR41: =IF('Residual-RosteredMATRIX-CARER'!AP13=0,"",'Residual-RosteredMATRIX-CARER'!AP13) | AS41: =IF('Residual-RosteredMATRIX-CARER'!AQ13=0,"",'Residual-RosteredMATRIX-CARER'!AQ13) | AT41: =IF('Residual-RosteredMATRIX-CARER'!AR13=0,"",'Residual-RosteredMATRIX-CARER'!AR13) | AU41: =IF('Residual-RosteredMATRIX-CARER'!AS13=0,"",'Residual-RosteredMATRIX-CARER'!AS13) | ... AW41: =IF('Residual-RosteredMATRIX-CARER'!AU13=0,"",'Residual-RosteredMATRIX-CARER'!AU13)
A42: ='Residual-Rostered'!#REF! -> #REF! | B42: ='Residual-RosteredMATRIX-CARER'!D15 -> Carer | C42: ='Residual-RosteredMATRIX-CARER'!C15 -> Cassidy, Ebony | D42: ='Residual-RosteredMATRIX-CARER'!E15 -> 56 | E42: =Max_HRS-Table314[[#This Row],[ROSTERED TIME]] -> 20 | F42: =SUM(H42:AV42) -> 2 | G42: =Table314[[#This Row],[ROSTERED TIME]]+Table314[[#This Row],[CHANGE TIME]] -> 58 | H42: =IF('Residual-RosteredMATRIX-CARER'!F15=0,"",'Residual-RosteredMATRIX-CARER'!F15) | I42: 1 | J42: =IF('Residual-RosteredMATRIX-CARER'!H15=0,"",'Residual-RosteredMATRIX-CARER'!H15) | K42: =IF('Residual-RosteredMATRIX-CARER'!I15=0,"",'Residual-RosteredMATRIX-CARER'!I15) | L42: =IF('Residual-RosteredMATRIX-CARER'!J15=0,"",'Residual-RosteredMATRIX-CARER'!J15) -> 1/ 7 | M42: =IF('Residual-RosteredMATRIX-CARER'!K15=0,"",'Residual-RosteredMATRIX-CARER'!K15) | N42: =IF('Residual-RosteredMATRIX-CARER'!L15=0,"",'Residual-RosteredMATRIX-CARER'!L15) | O42: =IF('Residual-RosteredMATRIX-CARER'!M15=0,"",'Residual-RosteredMATRIX-CARER'!M15) -> 1/ 7 | P42: =IF('Residual-RosteredMATRIX-CARER'!N15=0,"",'Residual-RosteredMATRIX-CARER'!N15) | Q42: =IF('Residual-RosteredMATRIX-CARER'!O15=0,"",'Residual-RosteredMATRIX-CARER'!O15) | ... AF42: =IF('Residual-RosteredMATRIX-CARER'!AD15=0,"",'Residual-RosteredMATRIX-CARER'!AD15) | AG42: =IF('Residual-RosteredMATRIX-CARER'!AE11=0,"",'Residual-RosteredMATRIX-CARER'!AE11) | AH42: =IF('Residual-RosteredMATRIX-CARER'!AF15=0,"",'Residual-RosteredMATRIX-CARER'!AF15) | AI42: =IF('Residual-RosteredMATRIX-CARER'!AG15=0,"",'Residual-RosteredMATRIX-CARER'!AG15) | AJ42: =IF('Residual-RosteredMATRIX-CARER'!AH15=0,"",'Residual-RosteredMATRIX-CARER'!AH15) -> 1/ 7 | AK42: =IF('Residual-RosteredMATRIX-CARER'!AI15=0,"",'Residual-RosteredMATRIX-CARER'!AI15) | AL42: =IF('Residual-RosteredMATRIX-CARER'!AJ15=0,"",'Residual-RosteredMATRIX-CARER'!AJ15) | AM42: =IF('Residual-RosteredMATRIX-CARER'!AK15=0,"",'Residual-RosteredMATRIX-CARER'!AK15) | AN42: =IF('Residual-RosteredMATRIX-CARER'!AL15=0,"",'Residual-RosteredMATRIX-CARER'!AL15) | AO42: =IF('Residual-RosteredMATRIX-CARER'!AM15=0,"",'Residual-RosteredMATRIX-CARER'!AM15) | ... AQ42: =IF('Residual-RosteredMATRIX-CARER'!AO15=0,"",'Residual-RosteredMATRIX-CARER'!AO15) | AR42: 1 | AS42: =IF('Residual-RosteredMATRIX-CARER'!AQ15=0,"",'Residual-RosteredMATRIX-CARER'!AQ15) -> 1/ 7 | AT42: =IF('Residual-RosteredMATRIX-CARER'!AR15=0,"",'Residual-RosteredMATRIX-CARER'!AR15) | AU42: =IF('Residual-RosteredMATRIX-CARER'!AS15=0,"",'Residual-RosteredMATRIX-CARER'!AS15) | AV42: =IF('Residual-RosteredMATRIX-CARER'!AT15=0,"",'Residual-RosteredMATRIX-CARER'!AT15) -> 1/ 7 | AW42: =IF('Residual-RosteredMATRIX-CARER'!AU15=0,"",'Residual-RosteredMATRIX-CARER'!AU15)
A43: ='Residual-Rostered'!#REF! -> #REF! | B43: ='Residual-RosteredMATRIX-CARER'!D19 -> Carer | C43: ='Residual-RosteredMATRIX-CARER'!C19 -> Cook, Victoria | D43: ='Residual-RosteredMATRIX-CARER'!E19 -> 48 | E43: =Max_HRS-Table314[[#This Row],[ROSTERED TIME]] -> 28 | F43: =SUM(H43:AV43) -> 0 | G43: =Table314[[#This Row],[ROSTERED TIME]]+Table314[[#This Row],[CHANGE TIME]] -> 48 | H43: =IF('Residual-RosteredMATRIX-CARER'!F19=0,"",'Residual-RosteredMATRIX-CARER'!F19) | I43: =IF('Residual-RosteredMATRIX-CARER'!G19=0,"",'Residual-RosteredMATRIX-CARER'!G19) -> 0/ 7.8 | J43: =IF('Residual-RosteredMATRIX-CARER'!H19=0,"",'Residual-RosteredMATRIX-CARER'!H19) -> 0/ 0.2 | K43: =IF('Residual-RosteredMATRIX-CARER'!I19=0,"",'Residual-RosteredMATRIX-CARER'!I19) | L43: =IF('Residual-RosteredMATRIX-CARER'!J19=0,"",'Residual-RosteredMATRIX-CARER'!J19) -> 0/ 7.8 | M43: =IF('Residual-RosteredMATRIX-CARER'!K19=0,"",'Residual-RosteredMATRIX-CARER'!K19) -> 0/ 0.2 | N43: =IF('Residual-RosteredMATRIX-CARER'!L19=0,"",'Residual-RosteredMATRIX-CARER'!L19) | O43: =IF('Residual-RosteredMATRIX-CARER'!M19=0,"",'Residual-RosteredMATRIX-CARER'!M19) | ... AF43: =IF('Residual-RosteredMATRIX-CARER'!AD19=0,"",'Residual-RosteredMATRIX-CARER'!AD19) | AG43: =IF('Residual-RosteredMATRIX-CARER'!AE12=0,"",'Residual-RosteredMATRIX-CARER'!AE12) -> 0/ 7.8 | AH43: =IF('Residual-RosteredMATRIX-CARER'!AF19=0,"",'Residual-RosteredMATRIX-CARER'!AF19) -> 0/ 0.2 | AI43: =IF('Residual-RosteredMATRIX-CARER'!AG19=0,"",'Residual-RosteredMATRIX-CARER'!AG19) | AJ43: =IF('Residual-RosteredMATRIX-CARER'!AH19=0,"",'Residual-RosteredMATRIX-CARER'!AH19) | AK43: =IF('Residual-RosteredMATRIX-CARER'!AI19=0,"",'Residual-RosteredMATRIX-CARER'!AI19) | AL43: =IF('Residual-RosteredMATRIX-CARER'!AJ19=0,"",'Residual-RosteredMATRIX-CARER'!AJ19) | AM43: =IF('Residual-RosteredMATRIX-CARER'!AK19=0,"",'Residual-RosteredMATRIX-CARER'!AK19) | AN43: =IF('Residual-RosteredMATRIX-CARER'!AL19=0,"",'Residual-RosteredMATRIX-CARER'!AL19) | AO43: =IF('Residual-RosteredMATRIX-CARER'!AM19=0,"",'Residual-RosteredMATRIX-CARER'!AM19) | ... AW43: =IF('Residual-RosteredMATRIX-CARER'!AU19=0,"",'Residual-RosteredMATRIX-CARER'!AU19) -> 0/ 0.2
A44: ='Residual-Rostered'!#REF! -> #REF! | B44: ='Residual-RosteredMATRIX-CARER'!D21 -> Carer | C44: ='Residual-RosteredMATRIX-CARER'!C21 -> Fuentes, Noei | D44: ='Residual-RosteredMATRIX-CARER'!E21 -> 48.9 | E44: =Max_HRS-Table314[[#This Row],[ROSTERED TIME]] -> 27.1 | F44: =SUM(H44:AV44) -> 0.5 | G44: =Table314[[#This Row],[ROSTERED TIME]]+Table314[[#This Row],[CHANGE TIME]] -> 49.4 | H44: =IF('Residual-RosteredMATRIX-CARER'!F21=0,"",'Residual-RosteredMATRIX-CARER'!F21) | I44: =IF('Residual-RosteredMATRIX-CARER'!G21=0,"",'Residual-RosteredMATRIX-CARER'!G21) | J44: =IF('Residual-RosteredMATRIX-CARER'!H21=0,"",'Residual-RosteredMATRIX-CARER'!H21) | K44: =IF('Residual-RosteredMATRIX-CARER'!I21=0,"",'Residual-RosteredMATRIX-CARER'!I21) | L44: =IF('Residual-RosteredMATRIX-CARER'!J21=0,"",'Residual-RosteredMATRIX-CARER'!J21) | M44: =IF('Residual-RosteredMATRIX-CARER'!K21=0,"",'Residual-RosteredMATRIX-CARER'!K21) | N44: =IF('Residual-RosteredMATRIX-CARER'!L21=0,"",'Residual-RosteredMATRIX-CARER'!L21) | O44: =IF('Residual-RosteredMATRIX-CARER'!M21=0,"",'Residual-RosteredMATRIX-CARER'!M21) | P44: 0.3 | Q44: =IF('Residual-RosteredMATRIX-CARER'!O21=0,"",'Residual-RosteredMATRIX-CARER'!O21) -> 0.5/ 0.2 | R44: =IF('Residual-RosteredMATRIX-CARER'!P21=0,"",'Residual-RosteredMATRIX-CARER'!P21) | S44: =IF('Residual-RosteredMATRIX-CARER'!Q21=0,"",'Residual-RosteredMATRIX-CARER'!Q21) -> 0.5/ 7.3 | T44: =IF('Residual-RosteredMATRIX-CARER'!R21=0,"",'Residual-RosteredMATRIX-CARER'!R21) -> 7.4/ 0.2 | U44: =IF('Residual-RosteredMATRIX-CARER'!S21=0,"",'Residual-RosteredMATRIX-CARER'!S21) | V44: =IF('Residual-RosteredMATRIX-CARER'!T21=0,"",'Residual-RosteredMATRIX-CARER'!T21) | W44: =IF('Residual-RosteredMATRIX-CARER'!U21=0,"",'Residual-RosteredMATRIX-CARER'!U21) | X44: =IF('Residual-RosteredMATRIX-CARER'!V21=0,"",'Residual-RosteredMATRIX-CARER'!V21) | ... AF44: =IF('Residual-RosteredMATRIX-CARER'!AD21=0,"",'Residual-RosteredMATRIX-CARER'!AD21) | AG44: =IF('Residual-RosteredMATRIX-CARER'!AE13=0,"",'Residual-RosteredMATRIX-CARER'!AE13) -> 1/ 7 | AH44: =IF('Residual-RosteredMATRIX-CARER'!AF21=0,"",'Residual-RosteredMATRIX-CARER'!AF21) | AI44: =IF('Residual-RosteredMATRIX-CARER'!AG21=0,"",'Residual-RosteredMATRIX-CARER'!AG21) | AJ44: =IF('Residual-RosteredMATRIX-CARER'!AH21=0,"",'Residual-RosteredMATRIX-CARER'!AH21) | AK44: 0.2 | AL44: =IF('Residual-RosteredMATRIX-CARER'!AJ21=0,"",'Residual-RosteredMATRIX-CARER'!AJ21) -> 0.5/ 0.2 | AM44: =IF('Residual-RosteredMATRIX-CARER'!AK21=0,"",'Residual-RosteredMATRIX-CARER'!AK21) | AN44: =IF('Residual-RosteredMATRIX-CARER'!AL21=0,"",'Residual-RosteredMATRIX-CARER'!AL21) -> 0.5/ 7.3 | AO44: =IF('Residual-RosteredMATRIX-CARER'!AM21=0,"",'Residual-RosteredMATRIX-CARER'!AM21) -> 0.5/ 0.2 | AP44: =IF('Residual-RosteredMATRIX-CARER'!AN21=0,"",'Residual-RosteredMATRIX-CARER'!AN21) | AQ44: =IF('Residual-RosteredMATRIX-CARER'!AO21=0,"",'Residual-RosteredMATRIX-CARER'!AO21) -> 0.5/ 7.3 | AR44: =IF('Residual-RosteredMATRIX-CARER'!AP21=0,"",'Residual-RosteredMATRIX-CARER'!AP21) -> 0.5/ 0.2 | AS44: =IF('Residual-RosteredMATRIX-CARER'!AQ21=0,"",'Residual-RosteredMATRIX-CARER'!AQ21) | ... AW44: =IF('Residual-RosteredMATRIX-CARER'!AU21=0,"",'Residual-RosteredMATRIX-CARER'!AU21) -> 3.7/ 3.9
A45: ='Residual-Rostered'!#REF! -> #REF! | B45: ='Residual-RosteredMATRIX-CARER'!D23 -> Carer | C45: ='Residual-RosteredMATRIX-CARER'!C23 -> Hall, Andrew | D45: ='Residual-RosteredMATRIX-CARER'!E23 -> 64 | E45: =Max_HRS-Table314[[#This Row],[ROSTERED TIME]] -> 12 | F45: =SUM(H45:AV45) -> 0 | G45: =Table314[[#This Row],[ROSTERED TIME]]+Table314[[#This Row],[CHANGE TIME]] -> 64 | H45: =IF('Residual-RosteredMATRIX-CARER'!F23=0,"",'Residual-RosteredMATRIX-CARER'!F23) | I45: =IF('Residual-RosteredMATRIX-CARER'!G23=0,"",'Residual-RosteredMATRIX-CARER'!G23) -> 0/ 7.8 | J45: =IF('Residual-RosteredMATRIX-CARER'!H23=0,"",'Residual-RosteredMATRIX-CARER'!H23) -> 0/ 0.2 | K45: =IF('Residual-RosteredMATRIX-CARER'!I23=0,"",'Residual-RosteredMATRIX-CARER'!I23) | L45: =IF('Residual-RosteredMATRIX-CARER'!J23=0,"",'Residual-RosteredMATRIX-CARER'!J23) -> 0/ 7.8 | M45: =IF('Residual-RosteredMATRIX-CARER'!K23=0,"",'Residual-RosteredMATRIX-CARER'!K23) -> 0/ 0.2 | N45: =IF('Residual-RosteredMATRIX-CARER'!L23=0,"",'Residual-RosteredMATRIX-CARER'!L23) | O45: =IF('Residual-RosteredMATRIX-CARER'!M23=0,"",'Residual-RosteredMATRIX-CARER'!M23) -> 0/ 7.8 | ... AF45: =IF('Residual-RosteredMATRIX-CARER'!AD23=0,"",'Residual-RosteredMATRIX-CARER'!AD23) | AG45: =IF('Residual-RosteredMATRIX-CARER'!AE14=0,"",'Residual-RosteredMATRIX-CARER'!AE14) -> 0/ 0.5 | AH45: =IF('Residual-RosteredMATRIX-CARER'!AF23=0,"",'Residual-RosteredMATRIX-CARER'!AF23) -> 0/ 0.2 | AI45: =IF('Residual-RosteredMATRIX-CARER'!AG23=0,"",'Residual-RosteredMATRIX-CARER'!AG23) | AJ45: =IF('Residual-RosteredMATRIX-CARER'!AH23=0,"",'Residual-RosteredMATRIX-CARER'!AH23) -> 0/ 7.8 | AK45: =IF('Residual-RosteredMATRIX-CARER'!AI23=0,"",'Residual-RosteredMATRIX-CARER'!AI23) -> 0/ 0.2 | AL45: =IF('Residual-RosteredMATRIX-CARER'!AJ23=0,"",'Residual-RosteredMATRIX-CARER'!AJ23) | AM45: =IF('Residual-RosteredMATRIX-CARER'!AK23=0,"",'Residual-RosteredMATRIX-CARER'!AK23) | AN45: =IF('Residual-RosteredMATRIX-CARER'!AL23=0,"",'Residual-RosteredMATRIX-CARER'!AL23) | AO45: =IF('Residual-RosteredMATRIX-CARER'!AM23=0,"",'Residual-RosteredMATRIX-CARER'!AM23) | ... AW45: =IF('Residual-RosteredMATRIX-CARER'!AU23=0,"",'Residual-RosteredMATRIX-CARER'!AU23)
A46: ='Residual-Rostered'!#REF! -> #REF! | B46: ='Residual-RosteredMATRIX-CARER'!D11 -> Carer | C46: ='Residual-RosteredMATRIX-CARER'!C11 -> Harman, Rowena | D46: ='Residual-RosteredMATRIX-CARER'!E11 -> 24 | E46: =Max_HRS-Table314[[#This Row],[ROSTERED TIME]] -> 52 | F46: =SUM(H46:AV46) -> 3.2 | G46: =Table314[[#This Row],[ROSTERED TIME]]+Table314[[#This Row],[CHANGE TIME]] -> 27.2 | H46: =IF('Residual-RosteredMATRIX-CARER'!F11=0,"",'Residual-RosteredMATRIX-CARER'!F11) -> 1.9/ 6 | I46: =IF('Residual-RosteredMATRIX-CARER'!G11=0,"",'Residual-RosteredMATRIX-CARER'!G11) | J46: =IF('Residual-RosteredMATRIX-CARER'!H11=0,"",'Residual-RosteredMATRIX-CARER'!H11) | K46: =IF('Residual-RosteredMATRIX-CARER'!I11=0,"",'Residual-RosteredMATRIX-CARER'!I11) | L46: =IF('Residual-RosteredMATRIX-CARER'!J11=0,"",'Residual-RosteredMATRIX-CARER'!J11) | M46: =IF('Residual-RosteredMATRIX-CARER'!K11=0,"",'Residual-RosteredMATRIX-CARER'!K11) | N46: =IF('Residual-RosteredMATRIX-CARER'!L11=0,"",'Residual-RosteredMATRIX-CARER'!L11) | O46: =IF('Residual-RosteredMATRIX-CARER'!M11=0,"",'Residual-RosteredMATRIX-CARER'!M11) | ... AF46: =IF('Residual-RosteredMATRIX-CARER'!AD11=0,"",'Residual-RosteredMATRIX-CARER'!AD11) | AG46: =IF('Residual-RosteredMATRIX-CARER'!AE15=0,"",'Residual-RosteredMATRIX-CARER'!AE15) -> 1/ 7 | AH46: =IF('Residual-RosteredMATRIX-CARER'!AF11=0,"",'Residual-RosteredMATRIX-CARER'!AF11) | AI46: =IF('Residual-RosteredMATRIX-CARER'!AG11=0,"",'Residual-RosteredMATRIX-CARER'!AG11) | AJ46: =IF('Residual-RosteredMATRIX-CARER'!AH11=0,"",'Residual-RosteredMATRIX-CARER'!AH11) | AK46: =IF('Residual-RosteredMATRIX-CARER'!AI11=0,"",'Residual-RosteredMATRIX-CARER'!AI11) | AL46: =IF('Residual-RosteredMATRIX-CARER'!AJ11=0,"",'Residual-RosteredMATRIX-CARER'!AJ11) | AM46: =IF('Residual-RosteredMATRIX-CARER'!AK11=0,"",'Residual-RosteredMATRIX-CARER'!AK11) | AN46: =IF('Residual-RosteredMATRIX-CARER'!AL11=0,"",'Residual-RosteredMATRIX-CARER'!AL11) | AO46: 1.4 | AP46: =IF('Residual-RosteredMATRIX-CARER'!AN11=0,"",'Residual-RosteredMATRIX-CARER'!AN11) | AQ46: =IF('Residual-RosteredMATRIX-CARER'!AO11=0,"",'Residual-RosteredMATRIX-CARER'!AO11) | AR46: 1.8 | AS46: =IF('Residual-RosteredMATRIX-CARER'!AQ11=0,"",'Residual-RosteredMATRIX-CARER'!AQ11) | AT46: =IF('Residual-RosteredMATRIX-CARER'!AR11=0,"",'Residual-RosteredMATRIX-CARER'!AR11) | AU46: =IF('Residual-RosteredMATRIX-CARER'!AS11=0,"",'Residual-RosteredMATRIX-CARER'!AS11) -> 1.9/ 6 | AV46: =IF('Residual-RosteredMATRIX-CARER'!AT11=0,"",'Residual-RosteredMATRIX-CARER'!AT11) | AW46: =IF('Residual-RosteredMATRIX-CARER'!AU11=0,"",'Residual-RosteredMATRIX-CARER'!AU11)
A47: ='Residual-Rostered'!#REF! -> #REF! | B47: ='Residual-RosteredMATRIX-CARER'!D26 -> Carer | C47: ='Residual-RosteredMATRIX-CARER'!C26 -> Hughes, Vicki | D47: ='Residual-RosteredMATRIX-CARER'!E26 -> 45 | E47: =Max_HRS-Table314[[#This Row],[ROSTERED TIME]] -> 31 | F47: =SUM(H47:AV47) -> 0.5 | G47: =Table314[[#This Row],[ROSTERED TIME]]+Table314[[#This Row],[CHANGE TIME]] -> 45.5 | H47: =IF('Residual-RosteredMATRIX-CARER'!F26=0,"",'Residual-RosteredMATRIX-CARER'!F26) | I47: =IF('Residual-RosteredMATRIX-CARER'!G26=0,"",'Residual-RosteredMATRIX-CARER'!G26) | J47: =IF('Residual-RosteredMATRIX-CARER'!H26=0,"",'Residual-RosteredMATRIX-CARER'!H26) | K47: =IF('Residual-RosteredMATRIX-CARER'!I26=0,"",'Residual-RosteredMATRIX-CARER'!I26) | L47: =IF('Residual-RosteredMATRIX-CARER'!J26=0,"",'Residual-RosteredMATRIX-CARER'!J26) | M47: =IF('Residual-RosteredMATRIX-CARER'!K26=0,"",'Residual-RosteredMATRIX-CARER'!K26) | N47: =IF('Residual-RosteredMATRIX-CARER'!L26=0,"",'Residual-RosteredMATRIX-CARER'!L26) -> 0.5/ 7.5 | O47: =IF('Residual-RosteredMATRIX-CARER'!M26=0,"",'Residual-RosteredMATRIX-CARER'!M26) | P47: =IF('Residual-RosteredMATRIX-CARER'!N26=0,"",'Residual-RosteredMATRIX-CARER'!N26) | Q47: 0.5 | R47: =IF('Residual-RosteredMATRIX-CARER'!P26=0,"",'Residual-RosteredMATRIX-CARER'!P26) | S47: =IF('Residual-RosteredMATRIX-CARER'!Q26=0,"",'Residual-RosteredMATRIX-CARER'!Q26) | T47: =IF('Residual-RosteredMATRIX-CARER'!R26=0,"",'Residual-RosteredMATRIX-CARER'!R26) | U47: =IF('Residual-RosteredMATRIX-CARER'!S26=0,"",'Residual-RosteredMATRIX-CARER'!S26) | V47: =IF('Residual-RosteredMATRIX-CARER'!T26=0,"",'Residual-RosteredMATRIX-CARER'!T26) | W47: =IF('Residual-RosteredMATRIX-CARER'!U26=0,"",'Residual-RosteredMATRIX-CARER'!U26) | X47: =IF('Residual-RosteredMATRIX-CARER'!V26=0,"",'Residual-RosteredMATRIX-CARER'!V26) | Y47: =IF('Residual-RosteredMATRIX-CARER'!W26=0,"",'Residual-RosteredMATRIX-CARER'!W26) | ... AF47: =IF('Residual-RosteredMATRIX-CARER'!AD26=0,"",'Residual-RosteredMATRIX-CARER'!AD26) -> 0.5/ 7.5 | AG47: =IF('Residual-RosteredMATRIX-CARER'!AE16=0,"",'Residual-RosteredMATRIX-CARER'!AE16) | AH47: =IF('Residual-RosteredMATRIX-CARER'!AF26=0,"",'Residual-RosteredMATRIX-CARER'!AF26) | AI47: =IF('Residual-RosteredMATRIX-CARER'!AG26=0,"",'Residual-RosteredMATRIX-CARER'!AG26) | AJ47: =IF('Residual-RosteredMATRIX-CARER'!AH26=0,"",'Residual-RosteredMATRIX-CARER'!AH26) | AK47: =IF('Residual-RosteredMATRIX-CARER'!AI26=0,"",'Residual-RosteredMATRIX-CARER'!AI26) | AL47: =IF('Residual-RosteredMATRIX-CARER'!AJ26=0,"",'Residual-RosteredMATRIX-CARER'!AJ26) | AM47: =IF('Residual-RosteredMATRIX-CARER'!AK26=0,"",'Residual-RosteredMATRIX-CARER'!AK26) | AN47: =IF('Residual-RosteredMATRIX-CARER'!AL26=0,"",'Residual-RosteredMATRIX-CARER'!AL26) | AO47: =IF('Residual-RosteredMATRIX-CARER'!AM26=0,"",'Residual-RosteredMATRIX-CARER'!AM26) | ... AW47: =IF('Residual-RosteredMATRIX-CARER'!AU26=0,"",'Residual-RosteredMATRIX-CARER'!AU26)
A48: ='Residual-Rostered'!#REF! -> #REF! | B48: ='Residual-RosteredMATRIX-CARER'!D3 -> Carer | C48: ='Residual-RosteredMATRIX-CARER'!C3 -> Hyde, Honey | D48: ='Residual-RosteredMATRIX-CARER'!E3 -> 63 | E48: =Max_HRS-Table314[[#This Row],[ROSTERED TIME]] -> 13 | F48: =SUM(H48:AV48) -> 0.5 | G48: =Table314[[#This Row],[ROSTERED TIME]]+Table314[[#This Row],[CHANGE TIME]] -> 63.5 | H48: =IF('Residual-RosteredMATRIX-CARER'!F3=0,"",'Residual-RosteredMATRIX-CARER'!F3) -> 0/ 7.5 | I48: =IF('Residual-RosteredMATRIX-CARER'!G3=0,"",'Residual-RosteredMATRIX-CARER'!G3) | J48: =IF('Residual-RosteredMATRIX-CARER'!H3=0,"",'Residual-RosteredMATRIX-CARER'!H3) | K48: =IF('Residual-RosteredMATRIX-CARER'!I3=0,"",'Residual-RosteredMATRIX-CARER'!I3) -> 0/ 7.5 | L48: =IF('Residual-RosteredMATRIX-CARER'!J3=0,"",'Residual-RosteredMATRIX-CARER'!J3) | M48: =IF('Residual-RosteredMATRIX-CARER'!K3=0,"",'Residual-RosteredMATRIX-CARER'!K3) | N48: =IF('Residual-RosteredMATRIX-CARER'!L3=0,"",'Residual-RosteredMATRIX-CARER'!L3) | O48: =IF('Residual-RosteredMATRIX-CARER'!M3=0,"",'Residual-RosteredMATRIX-CARER'!M3) | ... T48: =IF('Residual-RosteredMATRIX-CARER'!R3=0,"",'Residual-RosteredMATRIX-CARER'!R3) -> 0/ 7.5 | U48: 0.5 | V48: =IF('Residual-RosteredMATRIX-CARER'!T3=0,"",'Residual-RosteredMATRIX-CARER'!T3) | W48: =IF('Residual-RosteredMATRIX-CARER'!U3=0,"",'Residual-RosteredMATRIX-CARER'!U3) -> 1.9/ 6 | X48: =IF('Residual-RosteredMATRIX-CARER'!V3=0,"",'Residual-RosteredMATRIX-CARER'!V3) | Y48: =IF('Residual-RosteredMATRIX-CARER'!W3=0,"",'Residual-RosteredMATRIX-CARER'!W3) | Z48: =IF('Residual-RosteredMATRIX-CARER'!X3=0,"",'Residual-RosteredMATRIX-CARER'!X3) -> 0/ 6 | AA48: =IF('Residual-RosteredMATRIX-CARER'!Y3=0,"",'Residual-RosteredMATRIX-CARER'!Y3) | AB48: =IF('Residual-RosteredMATRIX-CARER'!Z3=0,"",'Residual-RosteredMATRIX-CARER'!Z3) | AC48: =IF('Residual-RosteredMATRIX-CARER'!AA3=0,"",'Residual-RosteredMATRIX-CARER'!AA3) -> 0/ 6 | ... AF48: =IF('Residual-RosteredMATRIX-CARER'!AD3=0,"",'Residual-RosteredMATRIX-CARER'!AD3) | AG48: =IF('Residual-RosteredMATRIX-CARER'!AE17=0,"",'Residual-RosteredMATRIX-CARER'!AE17) -> 1/ 7 | AH48: =IF('Residual-RosteredMATRIX-CARER'!AF3=0,"",'Residual-RosteredMATRIX-CARER'!AF3) | AI48: =IF('Residual-RosteredMATRIX-CARER'!AG3=0,"",'Residual-RosteredMATRIX-CARER'!AG3) | AJ48: =IF('Residual-RosteredMATRIX-CARER'!AH3=0,"",'Residual-RosteredMATRIX-CARER'!AH3) | AK48: =IF('Residual-RosteredMATRIX-CARER'!AI3=0,"",'Residual-RosteredMATRIX-CARER'!AI3) | AL48: =IF('Residual-RosteredMATRIX-CARER'!AJ3=0,"",'Residual-RosteredMATRIX-CARER'!AJ3) -> 0.5/ 7.5 | AM48: =IF('Residual-RosteredMATRIX-CARER'!AK3=0,"",'Residual-RosteredMATRIX-CARER'!AK3) | AN48: =IF('Residual-RosteredMATRIX-CARER'!AL3=0,"",'Residual-RosteredMATRIX-CARER'!AL3) | AO48: =IF('Residual-RosteredMATRIX-CARER'!AM3=0,"",'Residual-RosteredMATRIX-CARER'!AM3) -> 0.5/ 7.5 | ... AW48: =IF('Residual-RosteredMATRIX-CARER'!AU3=0,"",'Residual-RosteredMATRIX-CARER'!AU3)
A49: ='Residual-Rostered'!#REF! -> #REF! | B49: ='Residual-RosteredMATRIX-CARER'!D27 -> Carer | C49: ='Residual-RosteredMATRIX-CARER'!C27 -> Jenkins, Rana | D49: ='Residual-RosteredMATRIX-CARER'!E27 -> 45 | E49: =Max_HRS-Table314[[#This Row],[ROSTERED TIME]] -> 31 | F49: =SUM(H49:AV49) -> 0 | G49: =Table314[[#This Row],[ROSTERED TIME]]+Table314[[#This Row],[CHANGE TIME]] -> 45 | H49: =IF('Residual-RosteredMATRIX-CARER'!F27=0,"",'Residual-RosteredMATRIX-CARER'!F27) | I49: =IF('Residual-RosteredMATRIX-CARER'!G27=0,"",'Residual-RosteredMATRIX-CARER'!G27) | J49: =IF('Residual-RosteredMATRIX-CARER'!H27=0,"",'Residual-RosteredMATRIX-CARER'!H27) | K49: =IF('Residual-RosteredMATRIX-CARER'!I27=0,"",'Residual-RosteredMATRIX-CARER'!I27) -> 0.5/ 7.5 | L49: =IF('Residual-RosteredMATRIX-CARER'!J27=0,"",'Residual-RosteredMATRIX-CARER'!J27) | M49: =IF('Residual-RosteredMATRIX-CARER'!K27=0,"",'Residual-RosteredMATRIX-CARER'!K27) | N49: =IF('Residual-RosteredMATRIX-CARER'!L27=0,"",'Residual-RosteredMATRIX-CARER'!L27) -> 0.5/ 7.5 | O49: =IF('Residual-RosteredMATRIX-CARER'!M27=0,"",'Residual-RosteredMATRIX-CARER'!M27) | ... AF49: =IF('Residual-RosteredMATRIX-CARER'!AD27=0,"",'Residual-RosteredMATRIX-CARER'!AD27) | AG49: =IF('Residual-RosteredMATRIX-CARER'!AE18=0,"",'Residual-RosteredMATRIX-CARER'!AE18) | AH49: =IF('Residual-RosteredMATRIX-CARER'!AF27=0,"",'Residual-RosteredMATRIX-CARER'!AF27) | AI49: =IF('Residual-RosteredMATRIX-CARER'!AG27=0,"",'Residual-RosteredMATRIX-CARER'!AG27) -> 0.5/ 7.5 | AJ49: =IF('Residual-RosteredMATRIX-CARER'!AH27=0,"",'Residual-RosteredMATRIX-CARER'!AH27) | AK49: =IF('Residual-RosteredMATRIX-CARER'!AI27=0,"",'Residual-RosteredMATRIX-CARER'!AI27) | AL49: =IF('Residual-RosteredMATRIX-CARER'!AJ27=0,"",'Residual-RosteredMATRIX-CARER'!AJ27) -> 0.5/ 7.5 | AM49: =IF('Residual-RosteredMATRIX-CARER'!AK27=0,"",'Residual-RosteredMATRIX-CARER'!AK27) | AN49: =IF('Residual-RosteredMATRIX-CARER'!AL27=0,"",'Residual-RosteredMATRIX-CARER'!AL27) | AO49: =IF('Residual-RosteredMATRIX-CARER'!AM27=0,"",'Residual-RosteredMATRIX-CARER'!AM27) | ... AW49: =IF('Residual-RosteredMATRIX-CARER'!AU27=0,"",'Residual-RosteredMATRIX-CARER'!AU27)
A50: ='Residual-Rostered'!#REF! -> #REF! | B50: ='Residual-RosteredMATRIX-CARER'!D28 -> Carer | C50: ='Residual-RosteredMATRIX-CARER'!C28 -> Karki, Pramila | D50: ='Residual-RosteredMATRIX-CARER'!E28 -> 31 | E50: =Max_HRS-Table314[[#This Row],[ROSTERED TIME]] -> 45 | F50: =SUM(H50:AV50) -> 0 | G50: =Table314[[#This Row],[ROSTERED TIME]]+Table314[[#This Row],[CHANGE TIME]] -> 31 | H50: =IF('Residual-RosteredMATRIX-CARER'!F28=0,"",'Residual-RosteredMATRIX-CARER'!F28) | I50: =IF('Residual-RosteredMATRIX-CARER'!G28=0,"",'Residual-RosteredMATRIX-CARER'!G28) | J50: =IF('Residual-RosteredMATRIX-CARER'!H28=0,"",'Residual-RosteredMATRIX-CARER'!H28) | K50: =IF('Residual-RosteredMATRIX-CARER'!I28=0,"",'Residual-RosteredMATRIX-CARER'!I28) | L50: =IF('Residual-RosteredMATRIX-CARER'!J28=0,"",'Residual-RosteredMATRIX-CARER'!J28) | M50: =IF('Residual-RosteredMATRIX-CARER'!K28=0,"",'Residual-RosteredMATRIX-CARER'!K28) | N50: =IF('Residual-RosteredMATRIX-CARER'!L28=0,"",'Residual-RosteredMATRIX-CARER'!L28) | O50: =IF('Residual-RosteredMATRIX-CARER'!M28=0,"",'Residual-RosteredMATRIX-CARER'!M28) | ... AF50: =IF('Residual-RosteredMATRIX-CARER'!AD28=0,"",'Residual-RosteredMATRIX-CARER'!AD28) | AG50: =IF('Residual-RosteredMATRIX-CARER'!AE19=0,"",'Residual-RosteredMATRIX-CARER'!AE19) -> 0/ 7.8 | AH50: =IF('Residual-RosteredMATRIX-CARER'!AF28=0,"",'Residual-RosteredMATRIX-CARER'!AF28) | AI50: =IF('Residual-RosteredMATRIX-CARER'!AG28=0,"",'Residual-RosteredMATRIX-CARER'!AG28) | AJ50: =IF('Residual-RosteredMATRIX-CARER'!AH28=0,"",'Residual-RosteredMATRIX-CARER'!AH28) | AK50: =IF('Residual-RosteredMATRIX-CARER'!AI28=0,"",'Residual-RosteredMATRIX-CARER'!AI28) | AL50: =IF('Residual-RosteredMATRIX-CARER'!AJ28=0,"",'Residual-RosteredMATRIX-CARER'!AJ28) | AM50: =IF('Residual-RosteredMATRIX-CARER'!AK28=0,"",'Residual-RosteredMATRIX-CARER'!AK28) | AN50: =IF('Residual-RosteredMATRIX-CARER'!AL28=0,"",'Residual-RosteredMATRIX-CARER'!AL28) | AO50: =IF('Residual-RosteredMATRIX-CARER'!AM28=0,"",'Residual-RosteredMATRIX-CARER'!AM28) | ... AW50: =IF('Residual-RosteredMATRIX-CARER'!AU28=0,"",'Residual-RosteredMATRIX-CARER'!AU28)
A51: ='Residual-Rostered'!#REF! -> #REF! | B51: ='Residual-RosteredMATRIX-CARER'!D33 -> Carer | C51: ='Residual-RosteredMATRIX-CARER'!C33 -> Treay, Sylvia | D51: ='Residual-RosteredMATRIX-CARER'!E33 -> 56 | E51: =Max_HRS-Table314[[#This Row],[ROSTERED TIME]] -> 20 | F51: =SUM(H51:AV51) -> 1.8 | G51: =Table314[[#This Row],[ROSTERED TIME]]+Table314[[#This Row],[CHANGE TIME]] -> 57.8 | H51: =IF('Residual-RosteredMATRIX-CARER'!F33=0,"",'Residual-RosteredMATRIX-CARER'!F33) | I51: 1 | J51: =IF('Residual-RosteredMATRIX-CARER'!H33=0,"",'Residual-RosteredMATRIX-CARER'!H33) | K51: =IF('Residual-RosteredMATRIX-CARER'!I33=0,"",'Residual-RosteredMATRIX-CARER'!I33) | L51: =IF('Residual-RosteredMATRIX-CARER'!J33=0,"",'Residual-RosteredMATRIX-CARER'!J33) | M51: =IF('Residual-RosteredMATRIX-CARER'!K33=0,"",'Residual-RosteredMATRIX-CARER'!K33) | N51: =IF('Residual-RosteredMATRIX-CARER'!L33=0,"",'Residual-RosteredMATRIX-CARER'!L33) | O51: =IF('Residual-RosteredMATRIX-CARER'!M33=0,"",'Residual-RosteredMATRIX-CARER'!M33) | P51: =IF('Residual-RosteredMATRIX-CARER'!N33=0,"",'Residual-RosteredMATRIX-CARER'!N33) | Q51: =IF('Residual-RosteredMATRIX-CARER'!O33=0,"",'Residual-RosteredMATRIX-CARER'!O33) | ... AF51: =IF('Residual-RosteredMATRIX-CARER'!AD33=0,"",'Residual-RosteredMATRIX-CARER'!AD33) | AG51: =IF('Residual-RosteredMATRIX-CARER'!AE20=0,"",'Residual-RosteredMATRIX-CARER'!AE20) | AH51: =IF('Residual-RosteredMATRIX-CARER'!AF33=0,"",'Residual-RosteredMATRIX-CARER'!AF33) | AI51: =IF('Residual-RosteredMATRIX-CARER'!AG33=0,"",'Residual-RosteredMATRIX-CARER'!AG33) | AJ51: =IF('Residual-RosteredMATRIX-CARER'!AH33=0,"",'Residual-RosteredMATRIX-CARER'!AH33) | AK51: =IF('Residual-RosteredMATRIX-CARER'!AI33=0,"",'Residual-RosteredMATRIX-CARER'!AI33) | AL51: =IF('Residual-RosteredMATRIX-CARER'!AJ33=0,"",'Residual-RosteredMATRIX-CARER'!AJ33) | AM51: 0.8 | AN51: =IF('Residual-RosteredMATRIX-CARER'!AL33=0,"",'Residual-RosteredMATRIX-CARER'!AL33) | AO51: =IF('Residual-RosteredMATRIX-CARER'!AM33=0,"",'Residual-RosteredMATRIX-CARER'!AM33) | AP51: =IF('Residual-RosteredMATRIX-CARER'!AN33=0,"",'Residual-RosteredMATRIX-CARER'!AN33) -> 1/ 7 | AQ51: =IF('Residual-RosteredMATRIX-CARER'!AO33=0,"",'Residual-RosteredMATRIX-CARER'!AO33) | AR51: =IF('Residual-RosteredMATRIX-CARER'!AP33=0,"",'Residual-RosteredMATRIX-CARER'!AP33) | AS51: =IF('Residual-RosteredMATRIX-CARER'!AQ33=0,"",'Residual-RosteredMATRIX-CARER'!AQ33) | AT51: =IF('Residual-RosteredMATRIX-CARER'!AR33=0,"",'Residual-RosteredMATRIX-CARER'!AR33) | AU51: =IF('Residual-RosteredMATRIX-CARER'!AS33=0,"",'Residual-RosteredMATRIX-CARER'!AS33) | ... AW51: =IF('Residual-RosteredMATRIX-CARER'!AU33=0,"",'Residual-RosteredMATRIX-CARER'!AU33)
A52: ='Residual-Rostered'!#REF! -> #REF! | B52: ='Residual-RosteredMATRIX-CARER'!D30 -> Carer | C52: ='Residual-RosteredMATRIX-CARER'!C30 -> Kaur, Kuljeet | D52: ='Residual-RosteredMATRIX-CARER'!E30 -> 38 | E52: =Max_HRS-Table314[[#This Row],[ROSTERED TIME]] -> 38 | F52: =SUM(H52:AV52) -> 0 | G52: =Table314[[#This Row],[ROSTERED TIME]]+Table314[[#This Row],[CHANGE TIME]] -> 38 | H52: =IF('Residual-RosteredMATRIX-CARER'!F30=0,"",'Residual-RosteredMATRIX-CARER'!F30) | I52: =IF('Residual-RosteredMATRIX-CARER'!G30=0,"",'Residual-RosteredMATRIX-CARER'!G30) | J52: =IF('Residual-RosteredMATRIX-CARER'!H30=0,"",'Residual-RosteredMATRIX-CARER'!H30) | K52: =IF('Residual-RosteredMATRIX-CARER'!I30=0,"",'Residual-RosteredMATRIX-CARER'!I30) | L52: =IF('Residual-RosteredMATRIX-CARER'!J30=0,"",'Residual-RosteredMATRIX-CARER'!J30) | M52: =IF('Residual-RosteredMATRIX-CARER'!K30=0,"",'Residual-RosteredMATRIX-CARER'!K30) | N52: =IF('Residual-RosteredMATRIX-CARER'!L30=0,"",'Residual-RosteredMATRIX-CARER'!L30) | O52: =IF('Residual-RosteredMATRIX-CARER'!M30=0,"",'Residual-RosteredMATRIX-CARER'!M30) | ... AF52: =IF('Residual-RosteredMATRIX-CARER'!AD30=0,"",'Residual-RosteredMATRIX-CARER'!AD30) | AG52: =IF('Residual-RosteredMATRIX-CARER'!AE21=0,"",'Residual-RosteredMATRIX-CARER'!AE21) | AH52: =IF('Residual-RosteredMATRIX-CARER'!AF30=0,"",'Residual-RosteredMATRIX-CARER'!AF30) | AI52: =IF('Residual-RosteredMATRIX-CARER'!AG30=0,"",'Residual-RosteredMATRIX-CARER'!AG30) | AJ52: =IF('Residual-RosteredMATRIX-CARER'!AH30=0,"",'Residual-RosteredMATRIX-CARER'!AH30) | AK52: =IF('Residual-RosteredMATRIX-CARER'!AI30=0,"",'Residual-RosteredMATRIX-CARER'!AI30) | AL52: =IF('Residual-RosteredMATRIX-CARER'!AJ30=0,"",'Residual-RosteredMATRIX-CARER'!AJ30) | AM52: =IF('Residual-RosteredMATRIX-CARER'!AK30=0,"",'Residual-RosteredMATRIX-CARER'!AK30) | AN52: =IF('Residual-RosteredMATRIX-CARER'!AL30=0,"",'Residual-RosteredMATRIX-CARER'!AL30) | AO52: =IF('Residual-RosteredMATRIX-CARER'!AM30=0,"",'Residual-RosteredMATRIX-CARER'!AM30) | ... AW52: =IF('Residual-RosteredMATRIX-CARER'!AU30=0,"",'Residual-RosteredMATRIX-CARER'!AU30)
A53: ='Residual-Rostered'!#REF! -> #REF! | B53: ='Residual-RosteredMATRIX-CARER'!D32 -> Carer | C53: ='Residual-RosteredMATRIX-CARER'!C32 -> Kaur, Rajdwinder | D53: ='Residual-RosteredMATRIX-CARER'!E32 -> 45 | E53: =Max_HRS-Table314[[#This Row],[ROSTERED TIME]] -> 31 | F53: =SUM(H53:AV53) -> 0.5 | G53: =Table314[[#This Row],[ROSTERED TIME]]+Table314[[#This Row],[CHANGE TIME]] -> 45.5 | H53: =IF('Residual-RosteredMATRIX-CARER'!F32=0,"",'Residual-RosteredMATRIX-CARER'!F32) | I53: =IF('Residual-RosteredMATRIX-CARER'!G32=0,"",'Residual-RosteredMATRIX-CARER'!G32) | J53: =IF('Residual-RosteredMATRIX-CARER'!H32=0,"",'Residual-RosteredMATRIX-CARER'!H32) | K53: =IF('Residual-RosteredMATRIX-CARER'!I32=0,"",'Residual-RosteredMATRIX-CARER'!I32) | L53: =IF('Residual-RosteredMATRIX-CARER'!J32=0,"",'Residual-RosteredMATRIX-CARER'!J32) | M53: =IF('Residual-RosteredMATRIX-CARER'!K32=0,"",'Residual-RosteredMATRIX-CARER'!K32) | N53: =IF('Residual-RosteredMATRIX-CARER'!L32=0,"",'Residual-RosteredMATRIX-CARER'!L32) | O53: =IF('Residual-RosteredMATRIX-CARER'!M32=0,"",'Residual-RosteredMATRIX-CARER'!M32) | ... AF53: =IF('Residual-RosteredMATRIX-CARER'!AD32=0,"",'Residual-RosteredMATRIX-CARER'!AD32) | AG53: =IF('Residual-RosteredMATRIX-CARER'!AE22=0,"",'Residual-RosteredMATRIX-CARER'!AE22) | AH53: =IF('Residual-RosteredMATRIX-CARER'!AF32=0,"",'Residual-RosteredMATRIX-CARER'!AF32) | AI53: =IF('Residual-RosteredMATRIX-CARER'!AG32=0,"",'Residual-RosteredMATRIX-CARER'!AG32) | AJ53: =IF('Residual-RosteredMATRIX-CARER'!AH32=0,"",'Residual-RosteredMATRIX-CARER'!AH32) | AK53: 0.5 | AL53: =IF('Residual-RosteredMATRIX-CARER'!AJ32=0,"",'Residual-RosteredMATRIX-CARER'!AJ32) -> 7.4/ 0.2 | AM53: =IF('Residual-RosteredMATRIX-CARER'!AK32=0,"",'Residual-RosteredMATRIX-CARER'!AK32) | AN53: =IF('Residual-RosteredMATRIX-CARER'!AL32=0,"",'Residual-RosteredMATRIX-CARER'!AL32) | AO53: =IF('Residual-RosteredMATRIX-CARER'!AM32=0,"",'Residual-RosteredMATRIX-CARER'!AM32) | AP53: =IF('Residual-RosteredMATRIX-CARER'!AN32=0,"",'Residual-RosteredMATRIX-CARER'!AN32) | AQ53: =IF('Residual-RosteredMATRIX-CARER'!AO32=0,"",'Residual-RosteredMATRIX-CARER'!AO32) -> 0.7/ 7.3 | AR53: =IF('Residual-RosteredMATRIX-CARER'!AP32=0,"",'Residual-RosteredMATRIX-CARER'!AP32) -> 0.5/ 0.2 | AS53: =IF('Residual-RosteredMATRIX-CARER'!AQ32=0,"",'Residual-RosteredMATRIX-CARER'!AQ32) | ... AW53: =IF('Residual-RosteredMATRIX-CARER'!AU32=0,"",'Residual-RosteredMATRIX-CARER'!AU32)
A54: ='Residual-Rostered'!#REF! -> #REF! | B54: ='Residual-RosteredMATRIX-CARER'!D16 -> Carer | C54: ='Residual-RosteredMATRIX-CARER'!C16 -> Waddell, Melissa | D54: ='Residual-RosteredMATRIX-CARER'!E16 -> 52 | E54: =Max_HRS-Table314[[#This Row],[ROSTERED TIME]] -> 24 | F54: =SUM(H54:AV54) -> 0 | G54: =Table314[[#This Row],[ROSTERED TIME]]+Table314[[#This Row],[CHANGE TIME]] -> 52 | H54: =IF('Residual-RosteredMATRIX-CARER'!F16=0,"",'Residual-RosteredMATRIX-CARER'!F16) -> 0/ 0 | I54: =IF('Residual-RosteredMATRIX-CARER'!G16=0,"",'Residual-RosteredMATRIX-CARER'!G16) -> 0/ 0 | J54: =IF('Residual-RosteredMATRIX-CARER'!H16=0,"",'Residual-RosteredMATRIX-CARER'!H16) | K54: =IF('Residual-RosteredMATRIX-CARER'!I16=0,"",'Residual-RosteredMATRIX-CARER'!I16) | L54: =IF('Residual-RosteredMATRIX-CARER'!J16=0,"",'Residual-RosteredMATRIX-CARER'!J16) -> 0/ 0 | M54: =IF('Residual-RosteredMATRIX-CARER'!K16=0,"",'Residual-RosteredMATRIX-CARER'!K16) | N54: =IF('Residual-RosteredMATRIX-CARER'!L16=0,"",'Residual-RosteredMATRIX-CARER'!L16) | O54: =IF('Residual-RosteredMATRIX-CARER'!M16=0,"",'Residual-RosteredMATRIX-CARER'!M16) -> 0/ 0 | ... AF54: =IF('Residual-RosteredMATRIX-CARER'!AD16=0,"",'Residual-RosteredMATRIX-CARER'!AD16) -> 0/ 0 | AG54: =IF('Residual-RosteredMATRIX-CARER'!AE23=0,"",'Residual-RosteredMATRIX-CARER'!AE23) -> 0/ 7.8 | AH54: =IF('Residual-RosteredMATRIX-CARER'!AF16=0,"",'Residual-RosteredMATRIX-CARER'!AF16) | AI54: =IF('Residual-RosteredMATRIX-CARER'!AG16=0,"",'Residual-RosteredMATRIX-CARER'!AG16) -> 0/ 0 | AJ54: =IF('Residual-RosteredMATRIX-CARER'!AH16=0,"",'Residual-RosteredMATRIX-CARER'!AH16) -> 0/ 0 | AK54: =IF('Residual-RosteredMATRIX-CARER'!AI16=0,"",'Residual-RosteredMATRIX-CARER'!AI16) | AL54: =IF('Residual-RosteredMATRIX-CARER'!AJ16=0,"",'Residual-RosteredMATRIX-CARER'!AJ16) | AM54: =IF('Residual-RosteredMATRIX-CARER'!AK16=0,"",'Residual-RosteredMATRIX-CARER'!AK16) -> 0/ 0 | AN54: =IF('Residual-RosteredMATRIX-CARER'!AL16=0,"",'Residual-RosteredMATRIX-CARER'!AL16) | AO54: =IF('Residual-RosteredMATRIX-CARER'!AM16=0,"",'Residual-RosteredMATRIX-CARER'!AM16) | ... AW54: =IF('Residual-RosteredMATRIX-CARER'!AU16=0,"",'Residual-RosteredMATRIX-CARER'!AU16)
A55: ='Residual-Rostered'!#REF! -> #REF! | B55: ='Residual-RosteredMATRIX-CARER'!D35 -> Carer | C55: ='Residual-RosteredMATRIX-CARER'!C35 -> Ludick, Collette | D55: ='Residual-RosteredMATRIX-CARER'!E35 -> 63 | E55: =Max_HRS-Table314[[#This Row],[ROSTERED TIME]] -> 13 | F55: =SUM(H55:AV55) -> 2 | G55: =Table314[[#This Row],[ROSTERED TIME]]+Table314[[#This Row],[CHANGE TIME]] -> 65 | H55: =IF('Residual-RosteredMATRIX-CARER'!F35=0,"",'Residual-RosteredMATRIX-CARER'!F35) | I55: =IF('Residual-RosteredMATRIX-CARER'!G35=0,"",'Residual-RosteredMATRIX-CARER'!G35) | J55: =IF('Residual-RosteredMATRIX-CARER'!H35=0,"",'Residual-RosteredMATRIX-CARER'!H35) | K55: =IF('Residual-RosteredMATRIX-CARER'!I35=0,"",'Residual-RosteredMATRIX-CARER'!I35) -> 0.5/ 7.5 | L55: =IF('Residual-RosteredMATRIX-CARER'!J35=0,"",'Residual-RosteredMATRIX-CARER'!J35) | M55: =IF('Residual-RosteredMATRIX-CARER'!K35=0,"",'Residual-RosteredMATRIX-CARER'!K35) | N55: =IF('Residual-RosteredMATRIX-CARER'!L35=0,"",'Residual-RosteredMATRIX-CARER'!L35) -> 0.5/ 7.5 | O55: =IF('Residual-RosteredMATRIX-CARER'!M35=0,"",'Residual-RosteredMATRIX-CARER'!M35) | ... AF55: =IF('Residual-RosteredMATRIX-CARER'!AD35=0,"",'Residual-RosteredMATRIX-CARER'!AD35) -> 0.5/ 7.5 | AG55: =IF('Residual-RosteredMATRIX-CARER'!AE24=0,"",'Residual-RosteredMATRIX-CARER'!AE24) | AH55: =IF('Residual-RosteredMATRIX-CARER'!AF35=0,"",'Residual-RosteredMATRIX-CARER'!AF35) | AI55: =IF('Residual-RosteredMATRIX-CARER'!AG35=0,"",'Residual-RosteredMATRIX-CARER'!AG35) -> 1.9/ 6 | AJ55: =IF('Residual-RosteredMATRIX-CARER'!AH35=0,"",'Residual-RosteredMATRIX-CARER'!AH35) | AK55: =IF('Residual-RosteredMATRIX-CARER'!AI35=0,"",'Residual-RosteredMATRIX-CARER'!AI35) | AL55: =IF('Residual-RosteredMATRIX-CARER'!AJ35=0,"",'Residual-RosteredMATRIX-CARER'!AJ35) -> 0/ 6 | AM55: 2 | AN55: =IF('Residual-RosteredMATRIX-CARER'!AL35=0,"",'Residual-RosteredMATRIX-CARER'!AL35) | AO55: =IF('Residual-RosteredMATRIX-CARER'!AM35=0,"",'Residual-RosteredMATRIX-CARER'!AM35) | AP55: =IF('Residual-RosteredMATRIX-CARER'!AN35=0,"",'Residual-RosteredMATRIX-CARER'!AN35) | AQ55: =IF('Residual-RosteredMATRIX-CARER'!AO35=0,"",'Residual-RosteredMATRIX-CARER'!AO35) | AR55: =IF('Residual-RosteredMATRIX-CARER'!AP35=0,"",'Residual-RosteredMATRIX-CARER'!AP35) -> 0.5/ 7.5 | AS55: =IF('Residual-RosteredMATRIX-CARER'!AQ35=0,"",'Residual-RosteredMATRIX-CARER'!AQ35) | AT55: =IF('Residual-RosteredMATRIX-CARER'!AR35=0,"",'Residual-RosteredMATRIX-CARER'!AR35) | AU55: =IF('Residual-RosteredMATRIX-CARER'!AS35=0,"",'Residual-RosteredMATRIX-CARER'!AS35) -> 0/ 7.5 | ... AW55: =IF('Residual-RosteredMATRIX-CARER'!AU35=0,"",'Residual-RosteredMATRIX-CARER'!AU35)
A56: ='Residual-Rostered'!#REF! -> #REF! | B56: ='Residual-RosteredMATRIX-CARER'!D9 -> Carer | C56: ='Residual-RosteredMATRIX-CARER'!C9 -> Banister, Nicole | D56: ='Residual-RosteredMATRIX-CARER'!E9 -> 72 | E56: =Max_HRS-Table314[[#This Row],[ROSTERED TIME]] -> 4 | F56: =SUM(H56:AV56) -> -0.5 | G56: =Table314[[#This Row],[ROSTERED TIME]]+Table314[[#This Row],[CHANGE TIME]] -> 71.5 | H56: =IF('Residual-RosteredMATRIX-CARER'!F9=0,"",'Residual-RosteredMATRIX-CARER'!F9) -> 0/ 7.5 | I56: =IF('Residual-RosteredMATRIX-CARER'!G9=0,"",'Residual-RosteredMATRIX-CARER'!G9) -> 0/ 0.5 | J56: =IF('Residual-RosteredMATRIX-CARER'!H9=0,"",'Residual-RosteredMATRIX-CARER'!H9) | K56: =IF('Residual-RosteredMATRIX-CARER'!I9=0,"",'Residual-RosteredMATRIX-CARER'!I9) -> 0/ 7.5 | L56: -0.5 | M56: =IF('Residual-RosteredMATRIX-CARER'!K9=0,"",'Residual-RosteredMATRIX-CARER'!K9) | N56: =IF('Residual-RosteredMATRIX-CARER'!L9=0,"",'Residual-RosteredMATRIX-CARER'!L9) | O56: =IF('Residual-RosteredMATRIX-CARER'!M9=0,"",'Residual-RosteredMATRIX-CARER'!M9) | P56: =IF('Residual-RosteredMATRIX-CARER'!N9=0,"",'Residual-RosteredMATRIX-CARER'!N9) | Q56: =IF('Residual-RosteredMATRIX-CARER'!O9=0,"",'Residual-RosteredMATRIX-CARER'!O9) | R56: =IF('Residual-RosteredMATRIX-CARER'!P9=0,"",'Residual-RosteredMATRIX-CARER'!P9) | S56: =IF('Residual-RosteredMATRIX-CARER'!Q9=0,"",'Residual-RosteredMATRIX-CARER'!Q9) | T56: =IF('Residual-RosteredMATRIX-CARER'!R9=0,"",'Residual-RosteredMATRIX-CARER'!R9) -> 0/ 7.5 | ... AF56: =IF('Residual-RosteredMATRIX-CARER'!AD9=0,"",'Residual-RosteredMATRIX-CARER'!AD9) -> 0/ 7.5 | AG56: =IF('Residual-RosteredMATRIX-CARER'!AE25=0,"",'Residual-RosteredMATRIX-CARER'!AE25) -> 0/ 0.5 | AH56: =IF('Residual-RosteredMATRIX-CARER'!AF9=0,"",'Residual-RosteredMATRIX-CARER'!AF9) | AI56: =IF('Residual-RosteredMATRIX-CARER'!AG9=0,"",'Residual-RosteredMATRIX-CARER'!AG9) | AJ56: =IF('Residual-RosteredMATRIX-CARER'!AH9=0,"",'Residual-RosteredMATRIX-CARER'!AH9) | AK56: =IF('Residual-RosteredMATRIX-CARER'!AI9=0,"",'Residual-RosteredMATRIX-CARER'!AI9) | AL56: =IF('Residual-RosteredMATRIX-CARER'!AJ9=0,"",'Residual-RosteredMATRIX-CARER'!AJ9) -> 0/ 7.5 | AM56: =IF('Residual-RosteredMATRIX-CARER'!AK9=0,"",'Residual-RosteredMATRIX-CARER'!AK9) -> 0/ 0.5 | AN56: =IF('Residual-RosteredMATRIX-CARER'!AL9=0,"",'Residual-RosteredMATRIX-CARER'!AL9) | AO56: =IF('Residual-RosteredMATRIX-CARER'!AM9=0,"",'Residual-RosteredMATRIX-CARER'!AM9) -> 0/ 7.5 | ... AW56: =IF('Residual-RosteredMATRIX-CARER'!AU9=0,"",'Residual-RosteredMATRIX-CARER'!AU9)
A57: ='Residual-Rostered'!#REF! -> #REF! | B57: ='Residual-RosteredMATRIX-CARER'!D39 -> Carer | C57: ='Residual-RosteredMATRIX-CARER'!C39 -> Mathew, Toms | D57: ='Residual-RosteredMATRIX-CARER'!E39 -> 41.4 | E57: =Max_HRS-Table314[[#This Row],[ROSTERED TIME]] -> 34.6 | F57: =SUM(H57:AV57) -> 0 | G57: =Table314[[#This Row],[ROSTERED TIME]]+Table314[[#This Row],[CHANGE TIME]] -> 41.4 | H57: =IF('Residual-RosteredMATRIX-CARER'!F39=0,"",'Residual-RosteredMATRIX-CARER'!F39) | I57: =IF('Residual-RosteredMATRIX-CARER'!G39=0,"",'Residual-RosteredMATRIX-CARER'!G39) | J57: =IF('Residual-RosteredMATRIX-CARER'!H39=0,"",'Residual-RosteredMATRIX-CARER'!H39) | K57: =IF('Residual-RosteredMATRIX-CARER'!I39=0,"",'Residual-RosteredMATRIX-CARER'!I39) | L57: =IF('Residual-RosteredMATRIX-CARER'!J39=0,"",'Residual-RosteredMATRIX-CARER'!J39) | M57: =IF('Residual-RosteredMATRIX-CARER'!K39=0,"",'Residual-RosteredMATRIX-CARER'!K39) | N57: =IF('Residual-RosteredMATRIX-CARER'!L39=0,"",'Residual-RosteredMATRIX-CARER'!L39) | O57: =IF('Residual-RosteredMATRIX-CARER'!M39=0,"",'Residual-RosteredMATRIX-CARER'!M39) | ... AF57: =IF('Residual-RosteredMATRIX-CARER'!AD39=0,"",'Residual-RosteredMATRIX-CARER'!AD39) | AG57: =IF('Residual-RosteredMATRIX-CARER'!AE26=0,"",'Residual-RosteredMATRIX-CARER'!AE26) | AH57: =IF('Residual-RosteredMATRIX-CARER'!AF39=0,"",'Residual-RosteredMATRIX-CARER'!AF39) | AI57: =IF('Residual-RosteredMATRIX-CARER'!AG39=0,"",'Residual-RosteredMATRIX-CARER'!AG39) | AJ57: =IF('Residual-RosteredMATRIX-CARER'!AH39=0,"",'Residual-RosteredMATRIX-CARER'!AH39) | AK57: =IF('Residual-RosteredMATRIX-CARER'!AI39=0,"",'Residual-RosteredMATRIX-CARER'!AI39) | AL57: =IF('Residual-RosteredMATRIX-CARER'!AJ39=0,"",'Residual-RosteredMATRIX-CARER'!AJ39) | AM57: =IF('Residual-RosteredMATRIX-CARER'!AK39=0,"",'Residual-RosteredMATRIX-CARER'!AK39) | AN57: =IF('Residual-RosteredMATRIX-CARER'!AL39=0,"",'Residual-RosteredMATRIX-CARER'!AL39) | AO57: =IF('Residual-RosteredMATRIX-CARER'!AM39=0,"",'Residual-RosteredMATRIX-CARER'!AM39) | ... AW57: =IF('Residual-RosteredMATRIX-CARER'!AU39=0,"",'Residual-RosteredMATRIX-CARER'!AU39) -> 3.7/ 3.9
A58: ='Residual-Rostered'!#REF! -> #REF! | B58: ='Residual-RosteredMATRIX-CARER'!D5 -> Carer | C58: ='Residual-RosteredMATRIX-CARER'!C5 -> McDonald, Margaret | D58: ='Residual-RosteredMATRIX-CARER'!E5 -> 37.5 | E58: =Max_HRS-Table314[[#This Row],[ROSTERED TIME]] -> 38.5 | F58: =SUM(H58:AV58) -> 0.3 | G58: =Table314[[#This Row],[ROSTERED TIME]]+Table314[[#This Row],[CHANGE TIME]] -> 37.8 | H58: =IF('Residual-RosteredMATRIX-CARER'!F5=0,"",'Residual-RosteredMATRIX-CARER'!F5) -> 0.5/ 7.5 | I58: =IF('Residual-RosteredMATRIX-CARER'!G5=0,"",'Residual-RosteredMATRIX-CARER'!G5) | J58: =IF('Residual-RosteredMATRIX-CARER'!H5=0,"",'Residual-RosteredMATRIX-CARER'!H5) | K58: =IF('Residual-RosteredMATRIX-CARER'!I5=0,"",'Residual-RosteredMATRIX-CARER'!I5) | L58: =IF('Residual-RosteredMATRIX-CARER'!J5=0,"",'Residual-RosteredMATRIX-CARER'!J5) | M58: =IF('Residual-RosteredMATRIX-CARER'!K5=0,"",'Residual-RosteredMATRIX-CARER'!K5) | N58: =IF('Residual-RosteredMATRIX-CARER'!L5=0,"",'Residual-RosteredMATRIX-CARER'!L5) | O58: =IF('Residual-RosteredMATRIX-CARER'!M5=0,"",'Residual-RosteredMATRIX-CARER'!M5) | ... AF58: =IF('Residual-RosteredMATRIX-CARER'!AD5=0,"",'Residual-RosteredMATRIX-CARER'!AD5) | AG58: =IF('Residual-RosteredMATRIX-CARER'!AE27=0,"",'Residual-RosteredMATRIX-CARER'!AE27) | AH58: =IF('Residual-RosteredMATRIX-CARER'!AF5=0,"",'Residual-RosteredMATRIX-CARER'!AF5) | AI58: =IF('Residual-RosteredMATRIX-CARER'!AG5=0,"",'Residual-RosteredMATRIX-CARER'!AG5) | AJ58: =IF('Residual-RosteredMATRIX-CARER'!AH5=0,"",'Residual-RosteredMATRIX-CARER'!AH5) | AK58: =IF('Residual-RosteredMATRIX-CARER'!AI5=0,"",'Residual-RosteredMATRIX-CARER'!AI5) | AL58: =IF('Residual-RosteredMATRIX-CARER'!AJ5=0,"",'Residual-RosteredMATRIX-CARER'!AJ5) | AM58: =IF('Residual-RosteredMATRIX-CARER'!AK5=0,"",'Residual-RosteredMATRIX-CARER'!AK5) | AN58: =IF('Residual-RosteredMATRIX-CARER'!AL5=0,"",'Residual-RosteredMATRIX-CARER'!AL5) | AO58: 0.3 | AP58: =IF('Residual-RosteredMATRIX-CARER'!AN5=0,"",'Residual-RosteredMATRIX-CARER'!AN5) | AQ58: =IF('Residual-RosteredMATRIX-CARER'!AO5=0,"",'Residual-RosteredMATRIX-CARER'!AO5) | AR58: =IF('Residual-RosteredMATRIX-CARER'!AP5=0,"",'Residual-RosteredMATRIX-CARER'!AP5) | AS58: =IF('Residual-RosteredMATRIX-CARER'!AQ5=0,"",'Residual-RosteredMATRIX-CARER'!AQ5) | AT58: =IF('Residual-RosteredMATRIX-CARER'!AR5=0,"",'Residual-RosteredMATRIX-CARER'!AR5) | AU58: =IF('Residual-RosteredMATRIX-CARER'!AS5=0,"",'Residual-RosteredMATRIX-CARER'!AS5) | AV58: =IF('Residual-RosteredMATRIX-CARER'!AT5=0,"",'Residual-RosteredMATRIX-CARER'!AT5) | AW58: =IF('Residual-RosteredMATRIX-CARER'!AU5=0,"",'Residual-RosteredMATRIX-CARER'!AU5)
A59: ='Residual-Rostered'!#REF! -> #REF! | B59: ='Residual-RosteredMATRIX-CARER'!D7 -> Carer | C59: ='Residual-RosteredMATRIX-CARER'!C7 -> Mead, Nadeen | D59: ='Residual-RosteredMATRIX-CARER'!E7 -> 68.5 | E59: =Max_HRS-Table314[[#This Row],[ROSTERED TIME]] -> 7.5 | F59: =SUM(H59:AV59) -> -0.5 | G59: =Table314[[#This Row],[ROSTERED TIME]]+Table314[[#This Row],[CHANGE TIME]] -> 68 | H59: =IF('Residual-RosteredMATRIX-CARER'!F7=0,"",'Residual-RosteredMATRIX-CARER'!F7) -> 0/ 7.5 | I59: =IF('Residual-RosteredMATRIX-CARER'!G7=0,"",'Residual-RosteredMATRIX-CARER'!G7) | J59: =IF('Residual-RosteredMATRIX-CARER'!H7=0,"",'Residual-RosteredMATRIX-CARER'!H7) | K59: =IF('Residual-RosteredMATRIX-CARER'!I7=0,"",'Residual-RosteredMATRIX-CARER'!I7) -> 0/ 7.5 | L59: =IF('Residual-RosteredMATRIX-CARER'!J7=0,"",'Residual-RosteredMATRIX-CARER'!J7) | M59: =IF('Residual-RosteredMATRIX-CARER'!K7=0,"",'Residual-RosteredMATRIX-CARER'!K7) | N59: =IF('Residual-RosteredMATRIX-CARER'!L7=0,"",'Residual-RosteredMATRIX-CARER'!L7) -> 0/ 7.5 | O59: -0.5 | P59: =IF('Residual-RosteredMATRIX-CARER'!N7=0,"",'Residual-RosteredMATRIX-CARER'!N7) | Q59: =IF('Residual-RosteredMATRIX-CARER'!O7=0,"",'Residual-RosteredMATRIX-CARER'!O7) -> 0/ 7.5 | R59: =IF('Residual-RosteredMATRIX-CARER'!P7=0,"",'Residual-RosteredMATRIX-CARER'!P7) -> 0/ 0.5 | S59: =IF('Residual-RosteredMATRIX-CARER'!Q7=0,"",'Residual-RosteredMATRIX-CARER'!Q7) | T59: =IF('Residual-RosteredMATRIX-CARER'!R7=0,"",'Residual-RosteredMATRIX-CARER'!R7) | U59: =IF('Residual-RosteredMATRIX-CARER'!S7=0,"",'Residual-RosteredMATRIX-CARER'!S7) | V59: =IF('Residual-RosteredMATRIX-CARER'!T7=0,"",'Residual-RosteredMATRIX-CARER'!T7) | W59: =IF('Residual-RosteredMATRIX-CARER'!U7=0,"",'Residual-RosteredMATRIX-CARER'!U7) -> 0/ 7.5 | ... AF59: =IF('Residual-RosteredMATRIX-CARER'!AD7=0,"",'Residual-RosteredMATRIX-CARER'!AD7) -> 0/ 7.5 | AG59: =IF('Residual-RosteredMATRIX-CARER'!AE28=0,"",'Residual-RosteredMATRIX-CARER'!AE28) | AH59: =IF('Residual-RosteredMATRIX-CARER'!AF7=0,"",'Residual-RosteredMATRIX-CARER'!AF7) | AI59: =IF('Residual-RosteredMATRIX-CARER'!AG7=0,"",'Residual-RosteredMATRIX-CARER'!AG7) -> 0/ 7.5 | AJ59: =IF('Residual-RosteredMATRIX-CARER'!AH7=0,"",'Residual-RosteredMATRIX-CARER'!AH7) | AK59: =IF('Residual-RosteredMATRIX-CARER'!AI7=0,"",'Residual-RosteredMATRIX-CARER'!AI7) | AL59: =IF('Residual-RosteredMATRIX-CARER'!AJ7=0,"",'Residual-RosteredMATRIX-CARER'!AJ7) | AM59: =IF('Residual-RosteredMATRIX-CARER'!AK7=0,"",'Residual-RosteredMATRIX-CARER'!AK7) | AN59: =IF('Residual-RosteredMATRIX-CARER'!AL7=0,"",'Residual-RosteredMATRIX-CARER'!AL7) | AO59: =IF('Residual-RosteredMATRIX-CARER'!AM7=0,"",'Residual-RosteredMATRIX-CARER'!AM7) | ... AW59: =IF('Residual-RosteredMATRIX-CARER'!AU7=0,"",'Residual-RosteredMATRIX-CARER'!AU7)
A60: ='Residual-Rostered'!#REF! -> #REF! | B60: ='Residual-RosteredMATRIX-CARER'!D38 -> Carer | C60: ='Residual-RosteredMATRIX-CARER'!C38 -> Morgan, Breanna | D60: ='Residual-RosteredMATRIX-CARER'!E38 -> 67.5 | E60: =Max_HRS-Table314[[#This Row],[ROSTERED TIME]] -> 8.5 | F60: =SUM(H60:AV60) -> 0 | G60: =Table314[[#This Row],[ROSTERED TIME]]+Table314[[#This Row],[CHANGE TIME]] -> 67.5 | H60: =IF('Residual-RosteredMATRIX-CARER'!F38=0,"",'Residual-RosteredMATRIX-CARER'!F38) | I60: =IF('Residual-RosteredMATRIX-CARER'!G38=0,"",'Residual-RosteredMATRIX-CARER'!G38) | J60: =IF('Residual-RosteredMATRIX-CARER'!H38=0,"",'Residual-RosteredMATRIX-CARER'!H38) -> 0.7/ 7.3 | K60: =IF('Residual-RosteredMATRIX-CARER'!I38=0,"",'Residual-RosteredMATRIX-CARER'!I38) -> 0.5/ 0.2 | L60: =IF('Residual-RosteredMATRIX-CARER'!J38=0,"",'Residual-RosteredMATRIX-CARER'!J38) | M60: =IF('Residual-RosteredMATRIX-CARER'!K38=0,"",'Residual-RosteredMATRIX-CARER'!K38) -> 0.5/ 7.3 | N60: =IF('Residual-RosteredMATRIX-CARER'!L38=0,"",'Residual-RosteredMATRIX-CARER'!L38) -> 0.5/ 0.2 | O60: =IF('Residual-RosteredMATRIX-CARER'!M38=0,"",'Residual-RosteredMATRIX-CARER'!M38) | ... AF60: =IF('Residual-RosteredMATRIX-CARER'!AD38=0,"",'Residual-RosteredMATRIX-CARER'!AD38) -> 0/ 0.2 | AG60: =IF('Residual-RosteredMATRIX-CARER'!AE29=0,"",'Residual-RosteredMATRIX-CARER'!AE29) | AH60: =IF('Residual-RosteredMATRIX-CARER'!AF38=0,"",'Residual-RosteredMATRIX-CARER'!AF38) -> 0/ 7.3 | AI60: =IF('Residual-RosteredMATRIX-CARER'!AG38=0,"",'Residual-RosteredMATRIX-CARER'!AG38) -> 2.2000000000000002/ 0.2 | AJ60: =IF('Residual-RosteredMATRIX-CARER'!AH38=0,"",'Residual-RosteredMATRIX-CARER'!AH38) | AK60: =IF('Residual-RosteredMATRIX-CARER'!AI38=0,"",'Residual-RosteredMATRIX-CARER'!AI38) | AL60: =IF('Residual-RosteredMATRIX-CARER'!AJ38=0,"",'Residual-RosteredMATRIX-CARER'!AJ38) | AM60: =IF('Residual-RosteredMATRIX-CARER'!AK38=0,"",'Residual-RosteredMATRIX-CARER'!AK38) | AN60: =IF('Residual-RosteredMATRIX-CARER'!AL38=0,"",'Residual-RosteredMATRIX-CARER'!AL38) -> 0.7/ 7.3 | AO60: =IF('Residual-RosteredMATRIX-CARER'!AM38=0,"",'Residual-RosteredMATRIX-CARER'!AM38) -> 0/ 0.2 | ... AW60: =IF('Residual-RosteredMATRIX-CARER'!AU38=0,"",'Residual-RosteredMATRIX-CARER'!AU38)
A61: ='Residual-Rostered'!#REF! -> #REF! | B61: ='Residual-RosteredMATRIX-CARER'!D36 -> Carer | C61: ='Residual-RosteredMATRIX-CARER'!C36 -> Nandeeni, Muni | D61: ='Residual-RosteredMATRIX-CARER'!E36 -> 80 | E61: =Max_HRS-Table314[[#This Row],[ROSTERED TIME]] -> -4 | F61: =SUM(H61:AV61) -> 0 | G61: =Table314[[#This Row],[ROSTERED TIME]]+Table314[[#This Row],[CHANGE TIME]] -> 80 | H61: =IF('Residual-RosteredMATRIX-CARER'!F36=0,"",'Residual-RosteredMATRIX-CARER'!F36) | I61: =IF('Residual-RosteredMATRIX-CARER'!G36=0,"",'Residual-RosteredMATRIX-CARER'!G36) -> 0/ 7.8 | J61: =IF('Residual-RosteredMATRIX-CARER'!H36=0,"",'Residual-RosteredMATRIX-CARER'!H36) -> 0/ 0.2 | K61: =IF('Residual-RosteredMATRIX-CARER'!I36=0,"",'Residual-RosteredMATRIX-CARER'!I36) | L61: =IF('Residual-RosteredMATRIX-CARER'!J36=0,"",'Residual-RosteredMATRIX-CARER'!J36) -> 0/ 7.8 | M61: =IF('Residual-RosteredMATRIX-CARER'!K36=0,"",'Residual-RosteredMATRIX-CARER'!K36) -> 0/ 0.2 | N61: =IF('Residual-RosteredMATRIX-CARER'!L36=0,"",'Residual-RosteredMATRIX-CARER'!L36) | O61: =IF('Residual-RosteredMATRIX-CARER'!M36=0,"",'Residual-RosteredMATRIX-CARER'!M36) -> 0/ 7.8 | ... AF61: =IF('Residual-RosteredMATRIX-CARER'!AD36=0,"",'Residual-RosteredMATRIX-CARER'!AD36) | AG61: =IF('Residual-RosteredMATRIX-CARER'!AE30=0,"",'Residual-RosteredMATRIX-CARER'!AE30) | AH61: =IF('Residual-RosteredMATRIX-CARER'!AF36=0,"",'Residual-RosteredMATRIX-CARER'!AF36) -> 0/ 0.2 | AI61: =IF('Residual-RosteredMATRIX-CARER'!AG36=0,"",'Residual-RosteredMATRIX-CARER'!AG36) | AJ61: =IF('Residual-RosteredMATRIX-CARER'!AH36=0,"",'Residual-RosteredMATRIX-CARER'!AH36) | AK61: =IF('Residual-RosteredMATRIX-CARER'!AI36=0,"",'Residual-RosteredMATRIX-CARER'!AI36) | AL61: =IF('Residual-RosteredMATRIX-CARER'!AJ36=0,"",'Residual-RosteredMATRIX-CARER'!AJ36) | AM61: =IF('Residual-RosteredMATRIX-CARER'!AK36=0,"",'Residual-RosteredMATRIX-CARER'!AK36) | AN61: =IF('Residual-RosteredMATRIX-CARER'!AL36=0,"",'Residual-RosteredMATRIX-CARER'!AL36) | AO61: =IF('Residual-RosteredMATRIX-CARER'!AM36=0,"",'Residual-RosteredMATRIX-CARER'!AM36) | ... AW61: =IF('Residual-RosteredMATRIX-CARER'!AU36=0,"",'Residual-RosteredMATRIX-CARER'!AU36) -> 0/ 0.2
A62: ='Residual-Rostered'!#REF! -> #REF! | B62: ='Residual-RosteredMATRIX-CARER'!D20 -> Carer | C62: ='Residual-RosteredMATRIX-CARER'!C20 -> OH, In Song | D62: ='Residual-RosteredMATRIX-CARER'!E20 -> 60 | E62: =Max_HRS-Table314[[#This Row],[ROSTERED TIME]] -> 16 | F62: =SUM(H62:AV62) -> 0 | G62: =Table314[[#This Row],[ROSTERED TIME]]+Table314[[#This Row],[CHANGE TIME]] -> 60 | H62: =IF('Residual-RosteredMATRIX-CARER'!F20=0,"",'Residual-RosteredMATRIX-CARER'!F20) -> 0.5/ 7.5 | I62: =IF('Residual-RosteredMATRIX-CARER'!G20=0,"",'Residual-RosteredMATRIX-CARER'!G20) | J62: =IF('Residual-RosteredMATRIX-CARER'!H20=0,"",'Residual-RosteredMATRIX-CARER'!H20) | K62: =IF('Residual-RosteredMATRIX-CARER'!I20=0,"",'Residual-RosteredMATRIX-CARER'!I20) -> 0.5/ 7.5 | L62: =IF('Residual-RosteredMATRIX-CARER'!J20=0,"",'Residual-RosteredMATRIX-CARER'!J20) | M62: =IF('Residual-RosteredMATRIX-CARER'!K20=0,"",'Residual-RosteredMATRIX-CARER'!K20) | N62: =IF('Residual-RosteredMATRIX-CARER'!L20=0,"",'Residual-RosteredMATRIX-CARER'!L20) | O62: =IF('Residual-RosteredMATRIX-CARER'!M20=0,"",'Residual-RosteredMATRIX-CARER'!M20) | ... AF62: =IF('Residual-RosteredMATRIX-CARER'!AD20=0,"",'Residual-RosteredMATRIX-CARER'!AD20) -> 0.5/ 7.5 | AG62: =IF('Residual-RosteredMATRIX-CARER'!AE31=0,"",'Residual-RosteredMATRIX-CARER'!AE31) | AH62: =IF('Residual-RosteredMATRIX-CARER'!AF20=0,"",'Residual-RosteredMATRIX-CARER'!AF20) | AI62: =IF('Residual-RosteredMATRIX-CARER'!AG20=0,"",'Residual-RosteredMATRIX-CARER'!AG20) -> 0.5/ 7.5 | AJ62: =IF('Residual-RosteredMATRIX-CARER'!AH20=0,"",'Residual-RosteredMATRIX-CARER'!AH20) | AK62: =IF('Residual-RosteredMATRIX-CARER'!AI20=0,"",'Residual-RosteredMATRIX-CARER'!AI20) | AL62: =IF('Residual-RosteredMATRIX-CARER'!AJ20=0,"",'Residual-RosteredMATRIX-CARER'!AJ20) | AM62: =IF('Residual-RosteredMATRIX-CARER'!AK20=0,"",'Residual-RosteredMATRIX-CARER'!AK20) | AN62: =IF('Residual-RosteredMATRIX-CARER'!AL20=0,"",'Residual-RosteredMATRIX-CARER'!AL20) | AO62: =IF('Residual-RosteredMATRIX-CARER'!AM20=0,"",'Residual-RosteredMATRIX-CARER'!AM20) | ... AW62: =IF('Residual-RosteredMATRIX-CARER'!AU20=0,"",'Residual-RosteredMATRIX-CARER'!AU20)
A63: ='Residual-Rostered'!#REF! -> #REF! | B63: ='Residual-RosteredMATRIX-CARER'!D45 -> Carer | C63: ='Residual-RosteredMATRIX-CARER'!C45 -> Paudel, Madu | D63: ='Residual-RosteredMATRIX-CARER'!E45 -> 32 | E63: =Max_HRS-Table314[[#This Row],[ROSTERED TIME]] -> 44 | F63: =SUM(H63:AV63) -> 0 | G63: =Table314[[#This Row],[ROSTERED TIME]]+Table314[[#This Row],[CHANGE TIME]] -> 32 | H63: =IF('Residual-RosteredMATRIX-CARER'!F45=0,"",'Residual-RosteredMATRIX-CARER'!F45) | I63: =IF('Residual-RosteredMATRIX-CARER'!G45=0,"",'Residual-RosteredMATRIX-CARER'!G45) | J63: =IF('Residual-RosteredMATRIX-CARER'!H45=0,"",'Residual-RosteredMATRIX-CARER'!H45) | K63: =IF('Residual-RosteredMATRIX-CARER'!I45=0,"",'Residual-RosteredMATRIX-CARER'!I45) | L63: =IF('Residual-RosteredMATRIX-CARER'!J45=0,"",'Residual-RosteredMATRIX-CARER'!J45) | M63: =IF('Residual-RosteredMATRIX-CARER'!K45=0,"",'Residual-RosteredMATRIX-CARER'!K45) | N63: =IF('Residual-RosteredMATRIX-CARER'!L45=0,"",'Residual-RosteredMATRIX-CARER'!L45) | O63: =IF('Residual-RosteredMATRIX-CARER'!M45=0,"",'Residual-RosteredMATRIX-CARER'!M45) | ... AF63: =IF('Residual-RosteredMATRIX-CARER'!AD45=0,"",'Residual-RosteredMATRIX-CARER'!AD45) | AG63: =IF('Residual-RosteredMATRIX-CARER'!AE32=0,"",'Residual-RosteredMATRIX-CARER'!AE32) | AH63: =IF('Residual-RosteredMATRIX-CARER'!AF45=0,"",'Residual-RosteredMATRIX-CARER'!AF45) | AI63: =IF('Residual-RosteredMATRIX-CARER'!AG45=0,"",'Residual-RosteredMATRIX-CARER'!AG45) | AJ63: =IF('Residual-RosteredMATRIX-CARER'!AH45=0,"",'Residual-RosteredMATRIX-CARER'!AH45) | AK63: =IF('Residual-RosteredMATRIX-CARER'!AI45=0,"",'Residual-RosteredMATRIX-CARER'!AI45) | AL63: =IF('Residual-RosteredMATRIX-CARER'!AJ45=0,"",'Residual-RosteredMATRIX-CARER'!AJ45) | AM63: =IF('Residual-RosteredMATRIX-CARER'!AK45=0,"",'Residual-RosteredMATRIX-CARER'!AK45) | AN63: =IF('Residual-RosteredMATRIX-CARER'!AL45=0,"",'Residual-RosteredMATRIX-CARER'!AL45) | AO63: =IF('Residual-RosteredMATRIX-CARER'!AM45=0,"",'Residual-RosteredMATRIX-CARER'!AM45) | ... AW63: =IF('Residual-RosteredMATRIX-CARER'!AU45=0,"",'Residual-RosteredMATRIX-CARER'!AU45)
A64: ='Residual-Rostered'!#REF! -> #REF! | B64: ='Residual-RosteredMATRIX-CARER'!D41 -> Carer | C64: ='Residual-RosteredMATRIX-CARER'!C41 -> Pearson, Glenn | D64: ='Residual-RosteredMATRIX-CARER'!E41 -> 30 | E64: =Max_HRS-Table314[[#This Row],[ROSTERED TIME]] -> 46 | F64: =SUM(H64:AV64) -> 0 | G64: =Table314[[#This Row],[ROSTERED TIME]]+Table314[[#This Row],[CHANGE TIME]] -> 30 | H64: =IF('Residual-RosteredMATRIX-CARER'!F41=0,"",'Residual-RosteredMATRIX-CARER'!F41) | I64: =IF('Residual-RosteredMATRIX-CARER'!G41=0,"",'Residual-RosteredMATRIX-CARER'!G41) | J64: =IF('Residual-RosteredMATRIX-CARER'!H41=0,"",'Residual-RosteredMATRIX-CARER'!H41) -> 0.7/ 7.3 | K64: =IF('Residual-RosteredMATRIX-CARER'!I41=0,"",'Residual-RosteredMATRIX-CARER'!I41) -> 0.5/ 0.2 | L64: =IF('Residual-RosteredMATRIX-CARER'!J41=0,"",'Residual-RosteredMATRIX-CARER'!J41) | M64: =IF('Residual-RosteredMATRIX-CARER'!K41=0,"",'Residual-RosteredMATRIX-CARER'!K41) -> 0.5/ 7.3 | N64: =IF('Residual-RosteredMATRIX-CARER'!L41=0,"",'Residual-RosteredMATRIX-CARER'!L41) -> 7.4/ 0.2 | O64: =IF('Residual-RosteredMATRIX-CARER'!M41=0,"",'Residual-RosteredMATRIX-CARER'!M41) | ... AF64: =IF('Residual-RosteredMATRIX-CARER'!AD41=0,"",'Residual-RosteredMATRIX-CARER'!AD41) -> 0.5/ 0.2 | AG64: =IF('Residual-RosteredMATRIX-CARER'!AE33=0,"",'Residual-RosteredMATRIX-CARER'!AE33) | AH64: =IF('Residual-RosteredMATRIX-CARER'!AF41=0,"",'Residual-RosteredMATRIX-CARER'!AF41) -> 0.5/ 7.3 | AI64: =IF('Residual-RosteredMATRIX-CARER'!AG41=0,"",'Residual-RosteredMATRIX-CARER'!AG41) -> 7.4/ 0.2 | AJ64: =IF('Residual-RosteredMATRIX-CARER'!AH41=0,"",'Residual-RosteredMATRIX-CARER'!AH41) | AK64: =IF('Residual-RosteredMATRIX-CARER'!AI41=0,"",'Residual-RosteredMATRIX-CARER'!AI41) | AL64: =IF('Residual-RosteredMATRIX-CARER'!AJ41=0,"",'Residual-RosteredMATRIX-CARER'!AJ41) | AM64: =IF('Residual-RosteredMATRIX-CARER'!AK41=0,"",'Residual-RosteredMATRIX-CARER'!AK41) | AN64: =IF('Residual-RosteredMATRIX-CARER'!AL41=0,"",'Residual-RosteredMATRIX-CARER'!AL41) | AO64: =IF('Residual-RosteredMATRIX-CARER'!AM41=0,"",'Residual-RosteredMATRIX-CARER'!AM41) | ... AW64: =IF('Residual-RosteredMATRIX-CARER'!AU41=0,"",'Residual-RosteredMATRIX-CARER'!AU41)
A65: ='Residual-Rostered'!#REF! -> #REF! | B65: ='Residual-RosteredMATRIX-CARER'!D34 -> Carer | C65: ='Residual-RosteredMATRIX-CARER'!C34 -> Krishna, Sharda | D65: ='Residual-RosteredMATRIX-CARER'!E34 -> 71.5 | E65: =Max_HRS-Table314[[#This Row],[ROSTERED TIME]] -> 4.5 | F65: =SUM(H65:AV65) -> 0 | G65: =Table314[[#This Row],[ROSTERED TIME]]+Table314[[#This Row],[CHANGE TIME]] -> 71.5 | H65: =IF('Residual-RosteredMATRIX-CARER'!F34=0,"",'Residual-RosteredMATRIX-CARER'!F34) | I65: =IF('Residual-RosteredMATRIX-CARER'!G34=0,"",'Residual-RosteredMATRIX-CARER'!G34) | J65: =IF('Residual-RosteredMATRIX-CARER'!H34=0,"",'Residual-RosteredMATRIX-CARER'!H34) | K65: =IF('Residual-RosteredMATRIX-CARER'!I34=0,"",'Residual-RosteredMATRIX-CARER'!I34) | L65: =IF('Residual-RosteredMATRIX-CARER'!J34=0,"",'Residual-RosteredMATRIX-CARER'!J34) | M65: =IF('Residual-RosteredMATRIX-CARER'!K34=0,"",'Residual-RosteredMATRIX-CARER'!K34) | N65: =IF('Residual-RosteredMATRIX-CARER'!L34=0,"",'Residual-RosteredMATRIX-CARER'!L34) | O65: =IF('Residual-RosteredMATRIX-CARER'!M34=0,"",'Residual-RosteredMATRIX-CARER'!M34) | ... AW65: =IF('Residual-RosteredMATRIX-CARER'!AU34=0,"",'Residual-RosteredMATRIX-CARER'!AU34)
A66: ='Residual-Rostered'!#REF! -> #REF! | B66: ='Residual-RosteredMATRIX-CARER'!D22 -> Carer | C66: ='Residual-RosteredMATRIX-CARER'!C22 -> Randall, Jessica | D66: ='Residual-RosteredMATRIX-CARER'!E22 -> 43.5 | E66: =Max_HRS-Table314[[#This Row],[ROSTERED TIME]] -> 32.5 | F66: =SUM(H66:AV66) -> 0.5 | G66: =Table314[[#This Row],[ROSTERED TIME]]+Table314[[#This Row],[CHANGE TIME]] -> 44 | H66: =IF('Residual-RosteredMATRIX-CARER'!F22=0,"",'Residual-RosteredMATRIX-CARER'!F22) -> 0.5/ 7.5 | I66: =IF('Residual-RosteredMATRIX-CARER'!G22=0,"",'Residual-RosteredMATRIX-CARER'!G22) | J66: =IF('Residual-RosteredMATRIX-CARER'!H22=0,"",'Residual-RosteredMATRIX-CARER'!H22) | K66: =IF('Residual-RosteredMATRIX-CARER'!I22=0,"",'Residual-RosteredMATRIX-CARER'!I22) -> 0.5/ 7.5 | L66: =IF('Residual-RosteredMATRIX-CARER'!J22=0,"",'Residual-RosteredMATRIX-CARER'!J22) | M66: =IF('Residual-RosteredMATRIX-CARER'!K22=0,"",'Residual-RosteredMATRIX-CARER'!K22) | N66: =IF('Residual-RosteredMATRIX-CARER'!L22=0,"",'Residual-RosteredMATRIX-CARER'!L22) -> 0.5/ 7.5 | O66: =IF('Residual-RosteredMATRIX-CARER'!M22=0,"",'Residual-RosteredMATRIX-CARER'!M22) | P66: =IF('Residual-RosteredMATRIX-CARER'!N22=0,"",'Residual-RosteredMATRIX-CARER'!N22) | Q66: 0.5 | R66: =IF('Residual-RosteredMATRIX-CARER'!P22=0,"",'Residual-RosteredMATRIX-CARER'!P22) | S66: =IF('Residual-RosteredMATRIX-CARER'!Q22=0,"",'Residual-RosteredMATRIX-CARER'!Q22) | T66: =IF('Residual-RosteredMATRIX-CARER'!R22=0,"",'Residual-RosteredMATRIX-CARER'!R22) | U66: =IF('Residual-RosteredMATRIX-CARER'!S22=0,"",'Residual-RosteredMATRIX-CARER'!S22) | V66: =IF('Residual-RosteredMATRIX-CARER'!T22=0,"",'Residual-RosteredMATRIX-CARER'!T22) | W66: =IF('Residual-RosteredMATRIX-CARER'!U22=0,"",'Residual-RosteredMATRIX-CARER'!U22) | X66: =IF('Residual-RosteredMATRIX-CARER'!V22=0,"",'Residual-RosteredMATRIX-CARER'!V22) | Y66: =IF('Residual-RosteredMATRIX-CARER'!W22=0,"",'Residual-RosteredMATRIX-CARER'!W22) | ... AF66: =IF('Residual-RosteredMATRIX-CARER'!AD22=0,"",'Residual-RosteredMATRIX-CARER'!AD22) -> 1.9/ 6 | AG66: =IF('Residual-RosteredMATRIX-CARER'!AE35=0,"",'Residual-RosteredMATRIX-CARER'!AE35) | AH66: =IF('Residual-RosteredMATRIX-CARER'!AF22=0,"",'Residual-RosteredMATRIX-CARER'!AF22) | AI66: =IF('Residual-RosteredMATRIX-CARER'!AG22=0,"",'Residual-RosteredMATRIX-CARER'!AG22) | AJ66: =IF('Residual-RosteredMATRIX-CARER'!AH22=0,"",'Residual-RosteredMATRIX-CARER'!AH22) | AK66: =IF('Residual-RosteredMATRIX-CARER'!AI22=0,"",'Residual-RosteredMATRIX-CARER'!AI22) | AL66: =IF('Residual-RosteredMATRIX-CARER'!AJ22=0,"",'Residual-RosteredMATRIX-CARER'!AJ22) | AM66: =IF('Residual-RosteredMATRIX-CARER'!AK22=0,"",'Residual-RosteredMATRIX-CARER'!AK22) | AN66: =IF('Residual-RosteredMATRIX-CARER'!AL22=0,"",'Residual-RosteredMATRIX-CARER'!AL22) | AO66: =IF('Residual-RosteredMATRIX-CARER'!AM22=0,"",'Residual-RosteredMATRIX-CARER'!AM22) | ... AW66: =IF('Residual-RosteredMATRIX-CARER'!AU22=0,"",'Residual-RosteredMATRIX-CARER'!AU22)
A67: ='Residual-Rostered'!#REF! -> #REF! | B67: ='Residual-RosteredMATRIX-CARER'!D24 -> Carer | C67: ='Residual-RosteredMATRIX-CARER'!C24 -> Randla, Sandra | D67: ='Residual-RosteredMATRIX-CARER'!E24 -> 43.5 | E67: =Max_HRS-Table314[[#This Row],[ROSTERED TIME]] -> 32.5 | F67: =SUM(H67:AV67) -> 0.5 | G67: =Table314[[#This Row],[ROSTERED TIME]]+Table314[[#This Row],[CHANGE TIME]] -> 44 | H67: =IF('Residual-RosteredMATRIX-CARER'!F24=0,"",'Residual-RosteredMATRIX-CARER'!F24) -> 0.5/ 7.5 | I67: =IF('Residual-RosteredMATRIX-CARER'!G24=0,"",'Residual-RosteredMATRIX-CARER'!G24) | J67: =IF('Residual-RosteredMATRIX-CARER'!H24=0,"",'Residual-RosteredMATRIX-CARER'!H24) | K67: =IF('Residual-RosteredMATRIX-CARER'!I24=0,"",'Residual-RosteredMATRIX-CARER'!I24) -> 0.5/ 7.5 | L67: =IF('Residual-RosteredMATRIX-CARER'!J24=0,"",'Residual-RosteredMATRIX-CARER'!J24) | M67: =IF('Residual-RosteredMATRIX-CARER'!K24=0,"",'Residual-RosteredMATRIX-CARER'!K24) | N67: =IF('Residual-RosteredMATRIX-CARER'!L24=0,"",'Residual-RosteredMATRIX-CARER'!L24) | O67: =IF('Residual-RosteredMATRIX-CARER'!M24=0,"",'Residual-RosteredMATRIX-CARER'!M24) | ... AF67: =IF('Residual-RosteredMATRIX-CARER'!AD24=0,"",'Residual-RosteredMATRIX-CARER'!AD24) | AG67: =IF('Residual-RosteredMATRIX-CARER'!AE36=0,"",'Residual-RosteredMATRIX-CARER'!AE36) -> 0/ 7.8 | AH67: =IF('Residual-RosteredMATRIX-CARER'!AF24=0,"",'Residual-RosteredMATRIX-CARER'!AF24) | AI67: =IF('Residual-RosteredMATRIX-CARER'!AG24=0,"",'Residual-RosteredMATRIX-CARER'!AG24) -> 0.5/ 7.5 | AJ67: =IF('Residual-RosteredMATRIX-CARER'!AH24=0,"",'Residual-RosteredMATRIX-CARER'!AH24) | AK67: =IF('Residual-RosteredMATRIX-CARER'!AI24=0,"",'Residual-RosteredMATRIX-CARER'!AI24) | AL67: =IF('Residual-RosteredMATRIX-CARER'!AJ24=0,"",'Residual-RosteredMATRIX-CARER'!AJ24) -> 0.5/ 7.5 | AM67: 0.5 | AN67: =IF('Residual-RosteredMATRIX-CARER'!AL24=0,"",'Residual-RosteredMATRIX-CARER'!AL24) | AO67: =IF('Residual-RosteredMATRIX-CARER'!AM24=0,"",'Residual-RosteredMATRIX-CARER'!AM24) | AP67: =IF('Residual-RosteredMATRIX-CARER'!AN24=0,"",'Residual-RosteredMATRIX-CARER'!AN24) | AQ67: =IF('Residual-RosteredMATRIX-CARER'!AO24=0,"",'Residual-RosteredMATRIX-CARER'!AO24) | AR67: =IF('Residual-RosteredMATRIX-CARER'!AP24=0,"",'Residual-RosteredMATRIX-CARER'!AP24) | AS67: =IF('Residual-RosteredMATRIX-CARER'!AQ24=0,"",'Residual-RosteredMATRIX-CARER'!AQ24) | AT67: =IF('Residual-RosteredMATRIX-CARER'!AR24=0,"",'Residual-RosteredMATRIX-CARER'!AR24) | AU67: =IF('Residual-RosteredMATRIX-CARER'!AS24=0,"",'Residual-RosteredMATRIX-CARER'!AS24) | ... AW67: =IF('Residual-RosteredMATRIX-CARER'!AU24=0,"",'Residual-RosteredMATRIX-CARER'!AU24)
A68: ='Residual-Rostered'!#REF! -> #REF! | B68: ='Residual-RosteredMATRIX-CARER'!D25 -> Carer | C68: ='Residual-RosteredMATRIX-CARER'!C25 -> Randle, Rebecca | D68: ='Residual-RosteredMATRIX-CARER'!E25 -> 72 | E68: =Max_HRS-Table314[[#This Row],[ROSTERED TIME]] -> 4 | F68: =SUM(H68:AV68) -> -0.5 | G68: =Table314[[#This Row],[ROSTERED TIME]]+Table314[[#This Row],[CHANGE TIME]] -> 71.5 | H68: =IF('Residual-RosteredMATRIX-CARER'!F25=0,"",'Residual-RosteredMATRIX-CARER'!F25) -> 0/ 7.5 | I68: =IF('Residual-RosteredMATRIX-CARER'!G25=0,"",'Residual-RosteredMATRIX-CARER'!G25) -> 0/ 0.5 | J68: =IF('Residual-RosteredMATRIX-CARER'!H25=0,"",'Residual-RosteredMATRIX-CARER'!H25) | K68: =IF('Residual-RosteredMATRIX-CARER'!I25=0,"",'Residual-RosteredMATRIX-CARER'!I25) -> 0/ 7.5 | L68: -0.5 | M68: =IF('Residual-RosteredMATRIX-CARER'!K25=0,"",'Residual-RosteredMATRIX-CARER'!K25) | N68: =IF('Residual-RosteredMATRIX-CARER'!L25=0,"",'Residual-RosteredMATRIX-CARER'!L25) -> 0/ 7.5 | O68: .-5 | P68: =IF('Residual-RosteredMATRIX-CARER'!N25=0,"",'Residual-RosteredMATRIX-CARER'!N25) | Q68: =IF('Residual-RosteredMATRIX-CARER'!O25=0,"",'Residual-RosteredMATRIX-CARER'!O25) -> 0/ 7.5 | R68: =IF('Residual-RosteredMATRIX-CARER'!P25=0,"",'Residual-RosteredMATRIX-CARER'!P25) -> 0/ 0.5 | S68: =IF('Residual-RosteredMATRIX-CARER'!Q25=0,"",'Residual-RosteredMATRIX-CARER'!Q25) | T68: =IF('Residual-RosteredMATRIX-CARER'!R25=0,"",'Residual-RosteredMATRIX-CARER'!R25) -> 0/ 7.5 | U68: =IF('Residual-RosteredMATRIX-CARER'!S25=0,"",'Residual-RosteredMATRIX-CARER'!S25) -> 0/ 0.5 | V68: =IF('Residual-RosteredMATRIX-CARER'!T25=0,"",'Residual-RosteredMATRIX-CARER'!T25) | W68: =IF('Residual-RosteredMATRIX-CARER'!U25=0,"",'Residual-RosteredMATRIX-CARER'!U25) | ... AF68: =IF('Residual-RosteredMATRIX-CARER'!AD25=0,"",'Residual-RosteredMATRIX-CARER'!AD25) -> 0/ 7.5 | AG68: =IF('Residual-RosteredMATRIX-CARER'!AE37=0,"",'Residual-RosteredMATRIX-CARER'!AE37) | AH68: =IF('Residual-RosteredMATRIX-CARER'!AF25=0,"",'Residual-RosteredMATRIX-CARER'!AF25) | AI68: =IF('Residual-RosteredMATRIX-CARER'!AG25=0,"",'Residual-RosteredMATRIX-CARER'!AG25) | AJ68: =IF('Residual-RosteredMATRIX-CARER'!AH25=0,"",'Residual-RosteredMATRIX-CARER'!AH25) | AK68: =IF('Residual-RosteredMATRIX-CARER'!AI25=0,"",'Residual-RosteredMATRIX-CARER'!AI25) | AL68: =IF('Residual-RosteredMATRIX-CARER'!AJ25=0,"",'Residual-RosteredMATRIX-CARER'!AJ25) -> 0/ 7.5 | AM68: =IF('Residual-RosteredMATRIX-CARER'!AK25=0,"",'Residual-RosteredMATRIX-CARER'!AK25) -> 0/ 0.5 | AN68: =IF('Residual-RosteredMATRIX-CARER'!AL25=0,"",'Residual-RosteredMATRIX-CARER'!AL25) | AO68: =IF('Residual-RosteredMATRIX-CARER'!AM25=0,"",'Residual-RosteredMATRIX-CARER'!AM25) -> 0/ 7.5 | ... AW68: =IF('Residual-RosteredMATRIX-CARER'!AU25=0,"",'Residual-RosteredMATRIX-CARER'!AU25)
A69: ='Residual-Rostered'!#REF! -> #REF! | B69: ='Residual-RosteredMATRIX-CARER'!D46 -> Carer | C69: ='Residual-RosteredMATRIX-CARER'!C46 -> Ropin, Amelia | D69: ='Residual-RosteredMATRIX-CARER'!E46 -> 64 | E69: =Max_HRS-Table314[[#This Row],[ROSTERED TIME]] -> 12 | F69: =SUM(H69:AV69) -> 0 | G69: =Table314[[#This Row],[ROSTERED TIME]]+Table314[[#This Row],[CHANGE TIME]] -> 64 | H69: =IF('Residual-RosteredMATRIX-CARER'!F46=0,"",'Residual-RosteredMATRIX-CARER'!F46) | I69: =IF('Residual-RosteredMATRIX-CARER'!G46=0,"",'Residual-RosteredMATRIX-CARER'!G46) | J69: =IF('Residual-RosteredMATRIX-CARER'!H46=0,"",'Residual-RosteredMATRIX-CARER'!H46) | K69: =IF('Residual-RosteredMATRIX-CARER'!I46=0,"",'Residual-RosteredMATRIX-CARER'!I46) | L69: =IF('Residual-RosteredMATRIX-CARER'!J46=0,"",'Residual-RosteredMATRIX-CARER'!J46) -> 0/ 7.8 | M69: =IF('Residual-RosteredMATRIX-CARER'!K46=0,"",'Residual-RosteredMATRIX-CARER'!K46) -> 0/ 0.2 | N69: =IF('Residual-RosteredMATRIX-CARER'!L46=0,"",'Residual-RosteredMATRIX-CARER'!L46) | O69: -7.8 | P69: -0.2 | Q69: =IF('Residual-RosteredMATRIX-CARER'!O46=0,"",'Residual-RosteredMATRIX-CARER'!O46) | R69: =IF('Residual-RosteredMATRIX-CARER'!P46=0,"",'Residual-RosteredMATRIX-CARER'!P46) | S69: =IF('Residual-RosteredMATRIX-CARER'!Q46=0,"",'Residual-RosteredMATRIX-CARER'!Q46) | T69: 7.8 | U69: 0.2 | V69: =IF('Residual-RosteredMATRIX-CARER'!T46=0,"",'Residual-RosteredMATRIX-CARER'!T46) | W69: =IF('Residual-RosteredMATRIX-CARER'!U46=0,"",'Residual-RosteredMATRIX-CARER'!U46) | X69: =IF('Residual-RosteredMATRIX-CARER'!V46=0,"",'Residual-RosteredMATRIX-CARER'!V46) -> 0/ 7.8 | Y69: =IF('Residual-RosteredMATRIX-CARER'!W46=0,"",'Residual-RosteredMATRIX-CARER'!W46) -> 0/ 0.2 | Z69: =IF('Residual-RosteredMATRIX-CARER'!X46=0,"",'Residual-RosteredMATRIX-CARER'!X46) | AA69: =IF('Residual-RosteredMATRIX-CARER'!Y46=0,"",'Residual-RosteredMATRIX-CARER'!Y46) -> 0/ 7.8 | AB69: =IF('Residual-RosteredMATRIX-CARER'!Z46=0,"",'Residual-RosteredMATRIX-CARER'!Z46) -> 0/ 0.2 | AC69: =IF('Residual-RosteredMATRIX-CARER'!AA46=0,"",'Residual-RosteredMATRIX-CARER'!AA46) | ... AF69: =IF('Residual-RosteredMATRIX-CARER'!AD46=0,"",'Residual-RosteredMATRIX-CARER'!AD46) | AG69: =IF('Residual-RosteredMATRIX-CARER'!AE38=0,"",'Residual-RosteredMATRIX-CARER'!AE38) | AH69: =IF('Residual-RosteredMATRIX-CARER'!AF46=0,"",'Residual-RosteredMATRIX-CARER'!AF46) -> 0/ 0.2 | AI69: =IF('Residual-RosteredMATRIX-CARER'!AG46=0,"",'Residual-RosteredMATRIX-CARER'!AG46) | AJ69: =IF('Residual-RosteredMATRIX-CARER'!AH46=0,"",'Residual-RosteredMATRIX-CARER'!AH46) -> 0/ 7.8 | AK69: =IF('Residual-RosteredMATRIX-CARER'!AI46=0,"",'Residual-RosteredMATRIX-CARER'!AI46) -> 0/ 0.2 | AL69: =IF('Residual-RosteredMATRIX-CARER'!AJ46=0,"",'Residual-RosteredMATRIX-CARER'!AJ46) | AM69: =IF('Residual-RosteredMATRIX-CARER'!AK46=0,"",'Residual-RosteredMATRIX-CARER'!AK46) | AN69: =IF('Residual-RosteredMATRIX-CARER'!AL46=0,"",'Residual-RosteredMATRIX-CARER'!AL46) | AO69: =IF('Residual-RosteredMATRIX-CARER'!AM46=0,"",'Residual-RosteredMATRIX-CARER'!AM46) | ... AW69: =IF('Residual-RosteredMATRIX-CARER'!AU46=0,"",'Residual-RosteredMATRIX-CARER'!AU46) -> 0/ 0.2
A70: ='Residual-Rostered'!#REF! -> #REF! | B70: ='Residual-RosteredMATRIX-CARER'!D50 -> Carer | C70: ='Residual-RosteredMATRIX-CARER'!C50 -> Sales, Lorraine | D70: ='Residual-RosteredMATRIX-CARER'!E50 -> 63.9 | E70: =Max_HRS-Table314[[#This Row],[ROSTERED TIME]] -> 12.1 | F70: =SUM(H70:AV70) -> 0 | G70: =Table314[[#This Row],[ROSTERED TIME]]+Table314[[#This Row],[CHANGE TIME]] -> 63.9 | H70: =IF('Residual-RosteredMATRIX-CARER'!F50=0,"",'Residual-RosteredMATRIX-CARER'!F50) | I70: =IF('Residual-RosteredMATRIX-CARER'!G50=0,"",'Residual-RosteredMATRIX-CARER'!G50) | J70: =IF('Residual-RosteredMATRIX-CARER'!H50=0,"",'Residual-RosteredMATRIX-CARER'!H50) | K70: =IF('Residual-RosteredMATRIX-CARER'!I50=0,"",'Residual-RosteredMATRIX-CARER'!I50) | L70: =IF('Residual-RosteredMATRIX-CARER'!J50=0,"",'Residual-RosteredMATRIX-CARER'!J50) | M70: =IF('Residual-RosteredMATRIX-CARER'!K50=0,"",'Residual-RosteredMATRIX-CARER'!K50) | N70: =IF('Residual-RosteredMATRIX-CARER'!L50=0,"",'Residual-RosteredMATRIX-CARER'!L50) | O70: =IF('Residual-RosteredMATRIX-CARER'!M50=0,"",'Residual-RosteredMATRIX-CARER'!M50) | ... AF70: =IF('Residual-RosteredMATRIX-CARER'!AD50=0,"",'Residual-RosteredMATRIX-CARER'!AD50) -> 0.5/ 0.2 | AG70: =IF('Residual-RosteredMATRIX-CARER'!AE39=0,"",'Residual-RosteredMATRIX-CARER'!AE39) | AH70: =IF('Residual-RosteredMATRIX-CARER'!AF50=0,"",'Residual-RosteredMATRIX-CARER'!AF50) -> 0.5/ 7.3 | AI70: =IF('Residual-RosteredMATRIX-CARER'!AG50=0,"",'Residual-RosteredMATRIX-CARER'!AG50) -> 2.6/ 0.2 | AJ70: =IF('Residual-RosteredMATRIX-CARER'!AH50=0,"",'Residual-RosteredMATRIX-CARER'!AH50) | AK70: =IF('Residual-RosteredMATRIX-CARER'!AI50=0,"",'Residual-RosteredMATRIX-CARER'!AI50) | AL70: =IF('Residual-RosteredMATRIX-CARER'!AJ50=0,"",'Residual-RosteredMATRIX-CARER'!AJ50) | AM70: =IF('Residual-RosteredMATRIX-CARER'!AK50=0,"",'Residual-RosteredMATRIX-CARER'!AK50) | AN70: =IF('Residual-RosteredMATRIX-CARER'!AL50=0,"",'Residual-RosteredMATRIX-CARER'!AL50) -> 0/ 7.3 | AO70: =IF('Residual-RosteredMATRIX-CARER'!AM50=0,"",'Residual-RosteredMATRIX-CARER'!AM50) -> 0.5/ 0.2 | ... AW70: =IF('Residual-RosteredMATRIX-CARER'!AU50=0,"",'Residual-RosteredMATRIX-CARER'!AU50) -> 0/ 3.9
A71: ='Residual-Rostered'!#REF! -> #REF! | B71: ='Residual-RosteredMATRIX-CARER'!D43 -> Carer | C71: ='Residual-RosteredMATRIX-CARER'!C43 -> Sandhu, Mehakpreet | D71: ='Residual-RosteredMATRIX-CARER'!E43 -> 57 | E71: =Max_HRS-Table314[[#This Row],[ROSTERED TIME]] -> 19 | F71: =SUM(H71:AV71) -> 0 | G71: =Table314[[#This Row],[ROSTERED TIME]]+Table314[[#This Row],[CHANGE TIME]] -> 57 | H71: =IF('Residual-RosteredMATRIX-CARER'!F43=0,"",'Residual-RosteredMATRIX-CARER'!F43) | I71: =IF('Residual-RosteredMATRIX-CARER'!G43=0,"",'Residual-RosteredMATRIX-CARER'!G43) | J71: =IF('Residual-RosteredMATRIX-CARER'!H43=0,"",'Residual-RosteredMATRIX-CARER'!H43) | K71: =IF('Residual-RosteredMATRIX-CARER'!I43=0,"",'Residual-RosteredMATRIX-CARER'!I43) -> 0/ 2.4 | L71: =IF('Residual-RosteredMATRIX-CARER'!J43=0,"",'Residual-RosteredMATRIX-CARER'!J43) -> 0/ 7.1 | M71: =IF('Residual-RosteredMATRIX-CARER'!K43=0,"",'Residual-RosteredMATRIX-CARER'!K43) | N71: =IF('Residual-RosteredMATRIX-CARER'!L43=0,"",'Residual-RosteredMATRIX-CARER'!L43) -> 0/ 2.4 | O71: =IF('Residual-RosteredMATRIX-CARER'!M43=0,"",'Residual-RosteredMATRIX-CARER'!M43) -> 0/ 7.1 | ... AF71: =IF('Residual-RosteredMATRIX-CARER'!AD43=0,"",'Residual-RosteredMATRIX-CARER'!AD43) -> 0/ 2.4 | AG71: =IF('Residual-RosteredMATRIX-CARER'!AE40=0,"",'Residual-RosteredMATRIX-CARER'!AE40) | AH71: =IF('Residual-RosteredMATRIX-CARER'!AF43=0,"",'Residual-RosteredMATRIX-CARER'!AF43) | AI71: =IF('Residual-RosteredMATRIX-CARER'!AG43=0,"",'Residual-RosteredMATRIX-CARER'!AG43) -> 0/ 2.4 | AJ71: =IF('Residual-RosteredMATRIX-CARER'!AH43=0,"",'Residual-RosteredMATRIX-CARER'!AH43) -> 0/ 7.1 | AK71: =IF('Residual-RosteredMATRIX-CARER'!AI43=0,"",'Residual-RosteredMATRIX-CARER'!AI43) | AL71: =IF('Residual-RosteredMATRIX-CARER'!AJ43=0,"",'Residual-RosteredMATRIX-CARER'!AJ43) -> 0/ 2.4 | AM71: =IF('Residual-RosteredMATRIX-CARER'!AK43=0,"",'Residual-RosteredMATRIX-CARER'!AK43) -> 0/ 7.1 | AN71: =IF('Residual-RosteredMATRIX-CARER'!AL43=0,"",'Residual-RosteredMATRIX-CARER'!AL43) | AO71: =IF('Residual-RosteredMATRIX-CARER'!AM43=0,"",'Residual-RosteredMATRIX-CARER'!AM43) | ... AW71: =IF('Residual-RosteredMATRIX-CARER'!AU43=0,"",'Residual-RosteredMATRIX-CARER'!AU43)
B72: ='Residual-RosteredMATRIX-CARER'!D42 -> Carer | C72: ='Residual-RosteredMATRIX-CARER'!C42 -> Shanahan, Leanne | D72: ='Residual-RosteredMATRIX-CARER'!E42 -> 52.5 | E72: =Max_HRS-Table314[[#This Row],[ROSTERED TIME]] -> 23.5 | F72: =SUM(H72:AV72) -> 0 | G72: =Table314[[#This Row],[ROSTERED TIME]]+Table314[[#This Row],[CHANGE TIME]] -> 52.5 | H72: =IF('Residual-RosteredMATRIX-CARER'!F42=0,"",'Residual-RosteredMATRIX-CARER'!F42) | I72: =IF('Residual-RosteredMATRIX-CARER'!G42=0,"",'Residual-RosteredMATRIX-CARER'!G42) | J72: =IF('Residual-RosteredMATRIX-CARER'!H42=0,"",'Residual-RosteredMATRIX-CARER'!H42) -> 0.7/ 7.3 | K72: =IF('Residual-RosteredMATRIX-CARER'!I42=0,"",'Residual-RosteredMATRIX-CARER'!I42) -> 0.5/ 0.2 | L72: =IF('Residual-RosteredMATRIX-CARER'!J42=0,"",'Residual-RosteredMATRIX-CARER'!J42) | M72: =IF('Residual-RosteredMATRIX-CARER'!K42=0,"",'Residual-RosteredMATRIX-CARER'!K42) -> 0.5/ 7.3 | N72: =IF('Residual-RosteredMATRIX-CARER'!L42=0,"",'Residual-RosteredMATRIX-CARER'!L42) -> 2.4/ 0.2 | O72: =IF('Residual-RosteredMATRIX-CARER'!M42=0,"",'Residual-RosteredMATRIX-CARER'!M42) | ... AF72: =IF('Residual-RosteredMATRIX-CARER'!AD42=0,"",'Residual-RosteredMATRIX-CARER'!AD42) -> 0.5/ 0.2 | AG72: =IF('Residual-RosteredMATRIX-CARER'!AE41=0,"",'Residual-RosteredMATRIX-CARER'!AE41) | AH72: =IF('Residual-RosteredMATRIX-CARER'!AF42=0,"",'Residual-RosteredMATRIX-CARER'!AF42) -> 0.5/ 7.3 | AI72: =IF('Residual-RosteredMATRIX-CARER'!AG42=0,"",'Residual-RosteredMATRIX-CARER'!AG42) -> 2.4/ 0.2 | AJ72: =IF('Residual-RosteredMATRIX-CARER'!AH42=0,"",'Residual-RosteredMATRIX-CARER'!AH42) | AK72: =IF('Residual-RosteredMATRIX-CARER'!AI42=0,"",'Residual-RosteredMATRIX-CARER'!AI42) | AL72: =IF('Residual-RosteredMATRIX-CARER'!AJ42=0,"",'Residual-RosteredMATRIX-CARER'!AJ42) | AM72: =IF('Residual-RosteredMATRIX-CARER'!AK42=0,"",'Residual-RosteredMATRIX-CARER'!AK42) | AN72: =IF('Residual-RosteredMATRIX-CARER'!AL42=0,"",'Residual-RosteredMATRIX-CARER'!AL42) | AO72: =IF('Residual-RosteredMATRIX-CARER'!AM42=0,"",'Residual-RosteredMATRIX-CARER'!AM42) | ... AW72: =IF('Residual-RosteredMATRIX-CARER'!AU42=0,"",'Residual-RosteredMATRIX-CARER'!AU42)
B73: ='Residual-RosteredMATRIX-CARER'!D29 -> Carer | C73: ='Residual-RosteredMATRIX-CARER'!C29 -> Kaur, Kuldeep | D73: ='Residual-RosteredMATRIX-CARER'!E29 -> 59 | E73: =Max_HRS-Table314[[#This Row],[ROSTERED TIME]] -> 17 | F73: =SUM(H73:AV73) -> 0 | G73: =Table314[[#This Row],[ROSTERED TIME]]+Table314[[#This Row],[CHANGE TIME]] -> 59 | H73: =IF('Residual-RosteredMATRIX-CARER'!F29=0,"",'Residual-RosteredMATRIX-CARER'!F29) | I73: =IF('Residual-RosteredMATRIX-CARER'!G29=0,"",'Residual-RosteredMATRIX-CARER'!G29) | J73: =IF('Residual-RosteredMATRIX-CARER'!H29=0,"",'Residual-RosteredMATRIX-CARER'!H29) | K73: =IF('Residual-RosteredMATRIX-CARER'!I29=0,"",'Residual-RosteredMATRIX-CARER'!I29) | L73: =IF('Residual-RosteredMATRIX-CARER'!J29=0,"",'Residual-RosteredMATRIX-CARER'!J29) | M73: =IF('Residual-RosteredMATRIX-CARER'!K29=0,"",'Residual-RosteredMATRIX-CARER'!K29) | N73: =IF('Residual-RosteredMATRIX-CARER'!L29=0,"",'Residual-RosteredMATRIX-CARER'!L29) | O73: =IF('Residual-RosteredMATRIX-CARER'!M29=0,"",'Residual-RosteredMATRIX-CARER'!M29) | ... AF73: =IF('Residual-RosteredMATRIX-CARER'!AD29=0,"",'Residual-RosteredMATRIX-CARER'!AD29) | AG73: =IF('Residual-RosteredMATRIX-CARER'!AE42=0,"",'Residual-RosteredMATRIX-CARER'!AE42) | AH73: =IF('Residual-RosteredMATRIX-CARER'!AF29=0,"",'Residual-RosteredMATRIX-CARER'!AF29) | AI73: =IF('Residual-RosteredMATRIX-CARER'!AG29=0,"",'Residual-RosteredMATRIX-CARER'!AG29) | AJ73: =IF('Residual-RosteredMATRIX-CARER'!AH29=0,"",'Residual-RosteredMATRIX-CARER'!AH29) -> 0/ 7.8 | AK73: =IF('Residual-RosteredMATRIX-CARER'!AI29=0,"",'Residual-RosteredMATRIX-CARER'!AI29) -> 0/ 0.2 | AL73: =IF('Residual-RosteredMATRIX-CARER'!AJ29=0,"",'Residual-RosteredMATRIX-CARER'!AJ29) | AM73: =IF('Residual-RosteredMATRIX-CARER'!AK29=0,"",'Residual-RosteredMATRIX-CARER'!AK29) -> 0/ 7.8 | AN73: =IF('Residual-RosteredMATRIX-CARER'!AL29=0,"",'Residual-RosteredMATRIX-CARER'!AL29) -> 0/ 0.2 | AO73: =IF('Residual-RosteredMATRIX-CARER'!AM29=0,"",'Residual-RosteredMATRIX-CARER'!AM29) | ... AW73: =IF('Residual-RosteredMATRIX-CARER'!AU29=0,"",'Residual-RosteredMATRIX-CARER'!AU29)
B74: ='Residual-RosteredMATRIX-CARER'!D48 -> Carer | C74: ='Residual-RosteredMATRIX-CARER'!C48 -> Taylor, Glenda | D74: ='Residual-RosteredMATRIX-CARER'!E48 -> 52.5 | E74: =Max_HRS-Table314[[#This Row],[ROSTERED TIME]] -> 23.5 | F74: =SUM(H74:AV74) -> 0.5 | G74: =Table314[[#This Row],[ROSTERED TIME]]+Table314[[#This Row],[CHANGE TIME]] -> 53 | H74: =IF('Residual-RosteredMATRIX-CARER'!F48=0,"",'Residual-RosteredMATRIX-CARER'!F48) | I74: =IF('Residual-RosteredMATRIX-CARER'!G48=0,"",'Residual-RosteredMATRIX-CARER'!G48) | J74: =IF('Residual-RosteredMATRIX-CARER'!H48=0,"",'Residual-RosteredMATRIX-CARER'!H48) | K74: =IF('Residual-RosteredMATRIX-CARER'!I48=0,"",'Residual-RosteredMATRIX-CARER'!I48) | L74: =IF('Residual-RosteredMATRIX-CARER'!J48=0,"",'Residual-RosteredMATRIX-CARER'!J48) | M74: =IF('Residual-RosteredMATRIX-CARER'!K48=0,"",'Residual-RosteredMATRIX-CARER'!K48) | N74: =IF('Residual-RosteredMATRIX-CARER'!L48=0,"",'Residual-RosteredMATRIX-CARER'!L48) -> 0.5/ 7.5 | O74: =IF('Residual-RosteredMATRIX-CARER'!M48=0,"",'Residual-RosteredMATRIX-CARER'!M48) | ... AF74: =IF('Residual-RosteredMATRIX-CARER'!AD48=0,"",'Residual-RosteredMATRIX-CARER'!AD48) | AG74: =IF('Residual-RosteredMATRIX-CARER'!AE43=0,"",'Residual-RosteredMATRIX-CARER'!AE43) -> 0/ 7.1 | AH74: =IF('Residual-RosteredMATRIX-CARER'!AF48=0,"",'Residual-RosteredMATRIX-CARER'!AF48) | AI74: =IF('Residual-RosteredMATRIX-CARER'!AG48=0,"",'Residual-RosteredMATRIX-CARER'!AG48) -> 0.5/ 7.5 | AJ74: =IF('Residual-RosteredMATRIX-CARER'!AH48=0,"",'Residual-RosteredMATRIX-CARER'!AH48) | AK74: =IF('Residual-RosteredMATRIX-CARER'!AI48=0,"",'Residual-RosteredMATRIX-CARER'!AI48) | AL74: =IF('Residual-RosteredMATRIX-CARER'!AJ48=0,"",'Residual-RosteredMATRIX-CARER'!AJ48) -> 0.5/ 7.5 | AM74: 0.5 | AN74: =IF('Residual-RosteredMATRIX-CARER'!AL48=0,"",'Residual-RosteredMATRIX-CARER'!AL48) | AO74: =IF('Residual-RosteredMATRIX-CARER'!AM48=0,"",'Residual-RosteredMATRIX-CARER'!AM48) | AP74: =IF('Residual-RosteredMATRIX-CARER'!AN48=0,"",'Residual-RosteredMATRIX-CARER'!AN48) | AQ74: =IF('Residual-RosteredMATRIX-CARER'!AO48=0,"",'Residual-RosteredMATRIX-CARER'!AO48) | AR74: =IF('Residual-RosteredMATRIX-CARER'!AP48=0,"",'Residual-RosteredMATRIX-CARER'!AP48) | AS74: =IF('Residual-RosteredMATRIX-CARER'!AQ48=0,"",'Residual-RosteredMATRIX-CARER'!AQ48) | AT74: =IF('Residual-RosteredMATRIX-CARER'!AR48=0,"",'Residual-RosteredMATRIX-CARER'!AR48) | AU74: =IF('Residual-RosteredMATRIX-CARER'!AS48=0,"",'Residual-RosteredMATRIX-CARER'!AS48) | ... AW74: =IF('Residual-RosteredMATRIX-CARER'!AU48=0,"",'Residual-RosteredMATRIX-CARER'!AU48)
B75: ='Residual-RosteredMATRIX-CARER'!D37 -> Carer | C75: ='Residual-RosteredMATRIX-CARER'!C37 -> Luke, Roslyne | D75: ='Residual-RosteredMATRIX-CARER'!E37 -> 60 | E75: =Max_HRS-Table314[[#This Row],[ROSTERED TIME]] -> 16 | F75: =SUM(H75:AV75) -> 0 | G75: =Table314[[#This Row],[ROSTERED TIME]]+Table314[[#This Row],[CHANGE TIME]] -> 60 | H75: =IF('Residual-RosteredMATRIX-CARER'!F37=0,"",'Residual-RosteredMATRIX-CARER'!F37) | I75: =IF('Residual-RosteredMATRIX-CARER'!G37=0,"",'Residual-RosteredMATRIX-CARER'!G37) | J75: =IF('Residual-RosteredMATRIX-CARER'!H37=0,"",'Residual-RosteredMATRIX-CARER'!H37) | K75: =IF('Residual-RosteredMATRIX-CARER'!I37=0,"",'Residual-RosteredMATRIX-CARER'!I37) | L75: =IF('Residual-RosteredMATRIX-CARER'!J37=0,"",'Residual-RosteredMATRIX-CARER'!J37) | M75: =IF('Residual-RosteredMATRIX-CARER'!K37=0,"",'Residual-RosteredMATRIX-CARER'!K37) | N75: =IF('Residual-RosteredMATRIX-CARER'!L37=0,"",'Residual-RosteredMATRIX-CARER'!L37) | O75: =IF('Residual-RosteredMATRIX-CARER'!M37=0,"",'Residual-RosteredMATRIX-CARER'!M37) -> 1/ 7 | ... AF75: =IF('Residual-RosteredMATRIX-CARER'!AD37=0,"",'Residual-RosteredMATRIX-CARER'!AD37) | AG75: =IF('Residual-RosteredMATRIX-CARER'!AE44=0,"",'Residual-RosteredMATRIX-CARER'!AE44) | AH75: =IF('Residual-RosteredMATRIX-CARER'!AF37=0,"",'Residual-RosteredMATRIX-CARER'!AF37) | AI75: =IF('Residual-RosteredMATRIX-CARER'!AG37=0,"",'Residual-RosteredMATRIX-CARER'!AG37) | AJ75: =IF('Residual-RosteredMATRIX-CARER'!AH37=0,"",'Residual-RosteredMATRIX-CARER'!AH37) -> 1/ 7 | AK75: =IF('Residual-RosteredMATRIX-CARER'!AI37=0,"",'Residual-RosteredMATRIX-CARER'!AI37) | AL75: =IF('Residual-RosteredMATRIX-CARER'!AJ37=0,"",'Residual-RosteredMATRIX-CARER'!AJ37) | AM75: =IF('Residual-RosteredMATRIX-CARER'!AK37=0,"",'Residual-RosteredMATRIX-CARER'!AK37) -> 0/ 7.8 | AN75: =IF('Residual-RosteredMATRIX-CARER'!AL37=0,"",'Residual-RosteredMATRIX-CARER'!AL37) -> 0/ 0.2 | AO75: =IF('Residual-RosteredMATRIX-CARER'!AM37=0,"",'Residual-RosteredMATRIX-CARER'!AM37) | ... AW75: =IF('Residual-RosteredMATRIX-CARER'!AU37=0,"",'Residual-RosteredMATRIX-CARER'!AU37)
B76: ='Residual-RosteredMATRIX-CARER'!D47 -> Carer | C76: ='Residual-RosteredMATRIX-CARER'!C47 -> Perera, Ishaka | D76: ='Residual-RosteredMATRIX-CARER'!E47 -> 71.5 | E76: =Max_HRS-Table314[[#This Row],[ROSTERED TIME]] -> 4.5 | F76: =SUM(H76:AV76) -> 0 | G76: =Table314[[#This Row],[ROSTERED TIME]]+Table314[[#This Row],[CHANGE TIME]] -> 71.5 | H76: =IF('Residual-RosteredMATRIX-CARER'!F47=0,"",'Residual-RosteredMATRIX-CARER'!F47) | I76: =IF('Residual-RosteredMATRIX-CARER'!G47=0,"",'Residual-RosteredMATRIX-CARER'!G47) | J76: =IF('Residual-RosteredMATRIX-CARER'!H47=0,"",'Residual-RosteredMATRIX-CARER'!H47) | K76: =IF('Residual-RosteredMATRIX-CARER'!I47=0,"",'Residual-RosteredMATRIX-CARER'!I47) | L76: =IF('Residual-RosteredMATRIX-CARER'!J47=0,"",'Residual-RosteredMATRIX-CARER'!J47) | M76: =IF('Residual-RosteredMATRIX-CARER'!K47=0,"",'Residual-RosteredMATRIX-CARER'!K47) | N76: =IF('Residual-RosteredMATRIX-CARER'!L47=0,"",'Residual-RosteredMATRIX-CARER'!L47) | O76: =IF('Residual-RosteredMATRIX-CARER'!M47=0,"",'Residual-RosteredMATRIX-CARER'!M47) -> 0/ 7.8 | ... AF76: =IF('Residual-RosteredMATRIX-CARER'!AD47=0,"",'Residual-RosteredMATRIX-CARER'!AD47) -> 0.5/ 7.5 | AG76: =IF('Residual-RosteredMATRIX-CARER'!AE45=0,"",'Residual-RosteredMATRIX-CARER'!AE45) | AH76: =IF('Residual-RosteredMATRIX-CARER'!AF47=0,"",'Residual-RosteredMATRIX-CARER'!AF47) | AI76: =IF('Residual-RosteredMATRIX-CARER'!AG47=0,"",'Residual-RosteredMATRIX-CARER'!AG47) | AJ76: =IF('Residual-RosteredMATRIX-CARER'!AH47=0,"",'Residual-RosteredMATRIX-CARER'!AH47) -> 0/ 7.8 | AK76: =IF('Residual-RosteredMATRIX-CARER'!AI47=0,"",'Residual-RosteredMATRIX-CARER'!AI47) -> 0/ 0.2 | AL76: =IF('Residual-RosteredMATRIX-CARER'!AJ47=0,"",'Residual-RosteredMATRIX-CARER'!AJ47) | AM76: =IF('Residual-RosteredMATRIX-CARER'!AK47=0,"",'Residual-RosteredMATRIX-CARER'!AK47) -> 0/ 7.8 | AN76: =IF('Residual-RosteredMATRIX-CARER'!AL47=0,"",'Residual-RosteredMATRIX-CARER'!AL47) -> 0/ 0.2 | AO76: =IF('Residual-RosteredMATRIX-CARER'!AM47=0,"",'Residual-RosteredMATRIX-CARER'!AM47) | ... AW76: =IF('Residual-RosteredMATRIX-CARER'!AU47=0,"",'Residual-RosteredMATRIX-CARER'!AU47)
B77: ='Residual-RosteredMATRIX-CARER'!D49 -> Carer | C77: ='Residual-RosteredMATRIX-CARER'!C49 -> Stothard, Leanne | D77: ='Residual-RosteredMATRIX-CARER'!E49 -> 64 | E77: =Max_HRS-Table314[[#This Row],[ROSTERED TIME]] -> 12 | F77: =SUM(H77:AV77) -> 0 | G77: =Table314[[#This Row],[ROSTERED TIME]]+Table314[[#This Row],[CHANGE TIME]] -> 64 | H77: =IF('Residual-RosteredMATRIX-CARER'!F49=0,"",'Residual-RosteredMATRIX-CARER'!F49) | I77: =IF('Residual-RosteredMATRIX-CARER'!G49=0,"",'Residual-RosteredMATRIX-CARER'!G49) | J77: =IF('Residual-RosteredMATRIX-CARER'!H49=0,"",'Residual-RosteredMATRIX-CARER'!H49) | K77: =IF('Residual-RosteredMATRIX-CARER'!I49=0,"",'Residual-RosteredMATRIX-CARER'!I49) | L77: =IF('Residual-RosteredMATRIX-CARER'!J49=0,"",'Residual-RosteredMATRIX-CARER'!J49) | M77: =IF('Residual-RosteredMATRIX-CARER'!K49=0,"",'Residual-RosteredMATRIX-CARER'!K49) | N77: =IF('Residual-RosteredMATRIX-CARER'!L49=0,"",'Residual-RosteredMATRIX-CARER'!L49) | O77: =IF('Residual-RosteredMATRIX-CARER'!M49=0,"",'Residual-RosteredMATRIX-CARER'!M49) -> 0/ 7.8 | ... AF77: =IF('Residual-RosteredMATRIX-CARER'!AD49=0,"",'Residual-RosteredMATRIX-CARER'!AD49) | AG77: =IF('Residual-RosteredMATRIX-CARER'!AE46=0,"",'Residual-RosteredMATRIX-CARER'!AE46) -> 0/ 7.8 | AH77: =IF('Residual-RosteredMATRIX-CARER'!AF49=0,"",'Residual-RosteredMATRIX-CARER'!AF49) | AI77: =IF('Residual-RosteredMATRIX-CARER'!AG49=0,"",'Residual-RosteredMATRIX-CARER'!AG49) | AJ77: =IF('Residual-RosteredMATRIX-CARER'!AH49=0,"",'Residual-RosteredMATRIX-CARER'!AH49) -> 0/ 7.8 | AK77: =IF('Residual-RosteredMATRIX-CARER'!AI49=0,"",'Residual-RosteredMATRIX-CARER'!AI49) -> 0/ 0.2 | AL77: =IF('Residual-RosteredMATRIX-CARER'!AJ49=0,"",'Residual-RosteredMATRIX-CARER'!AJ49) | AM77: =IF('Residual-RosteredMATRIX-CARER'!AK49=0,"",'Residual-RosteredMATRIX-CARER'!AK49) -> 0/ 7.8 | AN77: =IF('Residual-RosteredMATRIX-CARER'!AL49=0,"",'Residual-RosteredMATRIX-CARER'!AL49) -> 0/ 0.2 | AO77: =IF('Residual-RosteredMATRIX-CARER'!AM49=0,"",'Residual-RosteredMATRIX-CARER'!AM49) | ... AW77: =IF('Residual-RosteredMATRIX-CARER'!AU49=0,"",'Residual-RosteredMATRIX-CARER'!AU49)
B78: ='Residual-RosteredMATRIX-CARER'!D17 -> Carer | C78: ='Residual-RosteredMATRIX-CARER'!C17 -> Waddell, Melissa | D78: ='Residual-RosteredMATRIX-CARER'!E17 -> 52 | E78: =Max_HRS-Table314[[#This Row],[ROSTERED TIME]] -> 24 | F78: =SUM(H78:AV78) -> 0 | G78: =Table314[[#This Row],[ROSTERED TIME]]+Table314[[#This Row],[CHANGE TIME]] -> 52 | H78: =IF('Residual-RosteredMATRIX-CARER'!F17=0,"",'Residual-RosteredMATRIX-CARER'!F17) | I78: =IF('Residual-RosteredMATRIX-CARER'!G17=0,"",'Residual-RosteredMATRIX-CARER'!G17) | J78: =IF('Residual-RosteredMATRIX-CARER'!H17=0,"",'Residual-RosteredMATRIX-CARER'!H17) | K78: =IF('Residual-RosteredMATRIX-CARER'!I17=0,"",'Residual-RosteredMATRIX-CARER'!I17) -> 0.5/ 0.2 | L78: =IF('Residual-RosteredMATRIX-CARER'!J17=0,"",'Residual-RosteredMATRIX-CARER'!J17) | M78: =IF('Residual-RosteredMATRIX-CARER'!K17=0,"",'Residual-RosteredMATRIX-CARER'!K17) | N78: =IF('Residual-RosteredMATRIX-CARER'!L17=0,"",'Residual-RosteredMATRIX-CARER'!L17) -> 7.4/ 0.2 | O78: =IF('Residual-RosteredMATRIX-CARER'!M17=0,"",'Residual-RosteredMATRIX-CARER'!M17) | ... AF78: =IF('Residual-RosteredMATRIX-CARER'!AD17=0,"",'Residual-RosteredMATRIX-CARER'!AD17) | AG78: =IF('Residual-RosteredMATRIX-CARER'!AE47=0,"",'Residual-RosteredMATRIX-CARER'!AE47) | AH78: =IF('Residual-RosteredMATRIX-CARER'!AF17=0,"",'Residual-RosteredMATRIX-CARER'!AF17) | AI78: =IF('Residual-RosteredMATRIX-CARER'!AG17=0,"",'Residual-RosteredMATRIX-CARER'!AG17) | AJ78: =IF('Residual-RosteredMATRIX-CARER'!AH17=0,"",'Residual-RosteredMATRIX-CARER'!AH17) | AK78: =IF('Residual-RosteredMATRIX-CARER'!AI17=0,"",'Residual-RosteredMATRIX-CARER'!AI17) | AL78: =IF('Residual-RosteredMATRIX-CARER'!AJ17=0,"",'Residual-RosteredMATRIX-CARER'!AJ17) -> 0.5/ 0.2 | AM78: =IF('Residual-RosteredMATRIX-CARER'!AK17=0,"",'Residual-RosteredMATRIX-CARER'!AK17) | AN78: =IF('Residual-RosteredMATRIX-CARER'!AL17=0,"",'Residual-RosteredMATRIX-CARER'!AL17) | AO78: =IF('Residual-RosteredMATRIX-CARER'!AM17=0,"",'Residual-RosteredMATRIX-CARER'!AM17) | ... AW78: =IF('Residual-RosteredMATRIX-CARER'!AU17=0,"",'Residual-RosteredMATRIX-CARER'!AU17)
B79: ='Residual-RosteredMATRIX-CARER'!D18 -> Carer | C79: ='Residual-RosteredMATRIX-CARER'!C18 -> Waddell, Melissa | D79: ='Residual-RosteredMATRIX-CARER'!E18 -> 52 | E79: =Max_HRS-Table314[[#This Row],[ROSTERED TIME]] -> 24 | F79: =SUM(H79:AV79) -> 0 | G79: =Table314[[#This Row],[ROSTERED TIME]]+Table314[[#This Row],[CHANGE TIME]] -> 52 | H79: =IF('Residual-RosteredMATRIX-CARER'!F18=0,"",'Residual-RosteredMATRIX-CARER'!F18) | I79: =IF('Residual-RosteredMATRIX-CARER'!G18=0,"",'Residual-RosteredMATRIX-CARER'!G18) | J79: =IF('Residual-RosteredMATRIX-CARER'!H18=0,"",'Residual-RosteredMATRIX-CARER'!H18) -> 0.7/ 7.3 | K79: =IF('Residual-RosteredMATRIX-CARER'!I18=0,"",'Residual-RosteredMATRIX-CARER'!I18) | L79: =IF('Residual-RosteredMATRIX-CARER'!J18=0,"",'Residual-RosteredMATRIX-CARER'!J18) | M79: =IF('Residual-RosteredMATRIX-CARER'!K18=0,"",'Residual-RosteredMATRIX-CARER'!K18) -> 0.5/ 7.3 | N79: =IF('Residual-RosteredMATRIX-CARER'!L18=0,"",'Residual-RosteredMATRIX-CARER'!L18) | O79: =IF('Residual-RosteredMATRIX-CARER'!M18=0,"",'Residual-RosteredMATRIX-CARER'!M18) | ... AF79: =IF('Residual-RosteredMATRIX-CARER'!AD18=0,"",'Residual-RosteredMATRIX-CARER'!AD18) | AG79: =IF('Residual-RosteredMATRIX-CARER'!AE48=0,"",'Residual-RosteredMATRIX-CARER'!AE48) | AH79: =IF('Residual-RosteredMATRIX-CARER'!AF18=0,"",'Residual-RosteredMATRIX-CARER'!AF18) | AI79: =IF('Residual-RosteredMATRIX-CARER'!AG18=0,"",'Residual-RosteredMATRIX-CARER'!AG18) | AJ79: =IF('Residual-RosteredMATRIX-CARER'!AH18=0,"",'Residual-RosteredMATRIX-CARER'!AH18) | AK79: =IF('Residual-RosteredMATRIX-CARER'!AI18=0,"",'Residual-RosteredMATRIX-CARER'!AI18) -> 0.7/ 7.3 | AL79: =IF('Residual-RosteredMATRIX-CARER'!AJ18=0,"",'Residual-RosteredMATRIX-CARER'!AJ18) | AM79: =IF('Residual-RosteredMATRIX-CARER'!AK18=0,"",'Residual-RosteredMATRIX-CARER'!AK18) | AN79: =IF('Residual-RosteredMATRIX-CARER'!AL18=0,"",'Residual-RosteredMATRIX-CARER'!AL18) -> 0.5/ 7.3 | AP79: =IF('Residual-RosteredMATRIX-CARER'!AN18=0,"",'Residual-RosteredMATRIX-CARER'!AN18) | AQ79: =IF('Residual-RosteredMATRIX-CARER'!AO18=0,"",'Residual-RosteredMATRIX-CARER'!AO18) | AR79: =IF('Residual-RosteredMATRIX-CARER'!AP18=0,"",'Residual-RosteredMATRIX-CARER'!AP18) | AS79: =IF('Residual-RosteredMATRIX-CARER'!AQ18=0,"",'Residual-RosteredMATRIX-CARER'!AQ18) | AT79: =IF('Residual-RosteredMATRIX-CARER'!AR18=0,"",'Residual-RosteredMATRIX-CARER'!AR18) | AU79: =IF('Residual-RosteredMATRIX-CARER'!AS18=0,"",'Residual-RosteredMATRIX-CARER'!AS18) | AV79: =IF('Residual-RosteredMATRIX-CARER'!AT18=0,"",'Residual-RosteredMATRIX-CARER'!AT18) | AW79: =IF('Residual-RosteredMATRIX-CARER'!AU18=0,"",'Residual-RosteredMATRIX-CARER'!AU18)
B80: ='Residual-RosteredMATRIX-CARER'!D40 -> Carer | C80: ='Residual-RosteredMATRIX-CARER'!C40 -> Walkley, Bianca | D80: ='Residual-RosteredMATRIX-CARER'!E40 -> 63.9 | E80: =Max_HRS-Table314[[#This Row],[ROSTERED TIME]] -> 12.1 | F80: =SUM(H80:AV80) -> 0 | G80: =Table314[[#This Row],[ROSTERED TIME]]+Table314[[#This Row],[CHANGE TIME]] -> 63.9 | H80: =IF('Residual-RosteredMATRIX-CARER'!F40=0,"",'Residual-RosteredMATRIX-CARER'!F40) | I80: =IF('Residual-RosteredMATRIX-CARER'!G40=0,"",'Residual-RosteredMATRIX-CARER'!G40) | J80: =IF('Residual-RosteredMATRIX-CARER'!H40=0,"",'Residual-RosteredMATRIX-CARER'!H40) -> 0.7/ 7.3 | K80: =IF('Residual-RosteredMATRIX-CARER'!I40=0,"",'Residual-RosteredMATRIX-CARER'!I40) -> 0.5/ 0.2 | L80: =IF('Residual-RosteredMATRIX-CARER'!J40=0,"",'Residual-RosteredMATRIX-CARER'!J40) | M80: =IF('Residual-RosteredMATRIX-CARER'!K40=0,"",'Residual-RosteredMATRIX-CARER'!K40) -> 0.5/ 7.3 | N80: =IF('Residual-RosteredMATRIX-CARER'!L40=0,"",'Residual-RosteredMATRIX-CARER'!L40) -> 7.4/ 0.2 | O80: =IF('Residual-RosteredMATRIX-CARER'!M40=0,"",'Residual-RosteredMATRIX-CARER'!M40) | ... AF80: =IF('Residual-RosteredMATRIX-CARER'!AD40=0,"",'Residual-RosteredMATRIX-CARER'!AD40) -> 0.5/ 0.2 | AG80: =IF('Residual-RosteredMATRIX-CARER'!AE49=0,"",'Residual-RosteredMATRIX-CARER'!AE49) | AH80: =IF('Residual-RosteredMATRIX-CARER'!AF40=0,"",'Residual-RosteredMATRIX-CARER'!AF40) -> 0.5/ 7.3 | AI80: =IF('Residual-RosteredMATRIX-CARER'!AG40=0,"",'Residual-RosteredMATRIX-CARER'!AG40) -> 2.6/ 0.2 | AJ80: =IF('Residual-RosteredMATRIX-CARER'!AH40=0,"",'Residual-RosteredMATRIX-CARER'!AH40) | AK80: =IF('Residual-RosteredMATRIX-CARER'!AI40=0,"",'Residual-RosteredMATRIX-CARER'!AI40) | AL80: =IF('Residual-RosteredMATRIX-CARER'!AJ40=0,"",'Residual-RosteredMATRIX-CARER'!AJ40) | AM80: =IF('Residual-RosteredMATRIX-CARER'!AK40=0,"",'Residual-RosteredMATRIX-CARER'!AK40) | AN80: =IF('Residual-RosteredMATRIX-CARER'!AL40=0,"",'Residual-RosteredMATRIX-CARER'!AL40) -> 0.7/ 7.3 | AO80: =IF('Residual-RosteredMATRIX-CARER'!AM40=0,"",'Residual-RosteredMATRIX-CARER'!AM40) -> 7.4/ 0.2 | ... AW80: =IF('Residual-RosteredMATRIX-CARER'!AU40=0,"",'Residual-RosteredMATRIX-CARER'!AU40) -> 3.7/ 3.9
B81: ='Residual-RosteredMATRIX-CARER'!D44 -> Carer | C81: ='Residual-RosteredMATRIX-CARER'!C44 -> Whatson, Jodie | D81: ='Residual-RosteredMATRIX-CARER'!E44 -> 60 | E81: =Max_HRS-Table314[[#This Row],[ROSTERED TIME]] -> 16 | F81: =SUM(H81:AV81) -> 0.5 | G81: =Table314[[#This Row],[ROSTERED TIME]]+Table314[[#This Row],[CHANGE TIME]] -> 60.5 | H81: =IF('Residual-RosteredMATRIX-CARER'!F44=0,"",'Residual-RosteredMATRIX-CARER'!F44) | I81: =IF('Residual-RosteredMATRIX-CARER'!G44=0,"",'Residual-RosteredMATRIX-CARER'!G44) | J81: =IF('Residual-RosteredMATRIX-CARER'!H44=0,"",'Residual-RosteredMATRIX-CARER'!H44) | K81: =IF('Residual-RosteredMATRIX-CARER'!I44=0,"",'Residual-RosteredMATRIX-CARER'!I44) -> 0.5/ 7.5 | L81: =IF('Residual-RosteredMATRIX-CARER'!J44=0,"",'Residual-RosteredMATRIX-CARER'!J44) | M81: =IF('Residual-RosteredMATRIX-CARER'!K44=0,"",'Residual-RosteredMATRIX-CARER'!K44) | N81: =IF('Residual-RosteredMATRIX-CARER'!L44=0,"",'Residual-RosteredMATRIX-CARER'!L44) -> 0.5/ 7.5 | O81: =IF('Residual-RosteredMATRIX-CARER'!M44=0,"",'Residual-RosteredMATRIX-CARER'!M44) | ... AF81: =IF('Residual-RosteredMATRIX-CARER'!AD44=0,"",'Residual-RosteredMATRIX-CARER'!AD44) -> 0/ 7.5 | AG81: =IF('Residual-RosteredMATRIX-CARER'!AE50=0,"",'Residual-RosteredMATRIX-CARER'!AE50) | AH81: =IF('Residual-RosteredMATRIX-CARER'!AF44=0,"",'Residual-RosteredMATRIX-CARER'!AF44) | AI81: =IF('Residual-RosteredMATRIX-CARER'!AG44=0,"",'Residual-RosteredMATRIX-CARER'!AG44) | AJ81: =IF('Residual-RosteredMATRIX-CARER'!AH44=0,"",'Residual-RosteredMATRIX-CARER'!AH44) | AK81: =IF('Residual-RosteredMATRIX-CARER'!AI44=0,"",'Residual-RosteredMATRIX-CARER'!AI44) | AL81: =IF('Residual-RosteredMATRIX-CARER'!AJ44=0,"",'Residual-RosteredMATRIX-CARER'!AJ44) -> 0.5/ 7.5 | AM81: 0.5 | AN81: =IF('Residual-RosteredMATRIX-CARER'!AL44=0,"",'Residual-RosteredMATRIX-CARER'!AL44) | AO81: =IF('Residual-RosteredMATRIX-CARER'!AM44=0,"",'Residual-RosteredMATRIX-CARER'!AM44) -> 0/ 7.5 | AP81: =IF('Residual-RosteredMATRIX-CARER'!AN44=0,"",'Residual-RosteredMATRIX-CARER'!AN44) | AQ81: =IF('Residual-RosteredMATRIX-CARER'!AO44=0,"",'Residual-RosteredMATRIX-CARER'!AO44) | AR81: =IF('Residual-RosteredMATRIX-CARER'!AP44=0,"",'Residual-RosteredMATRIX-CARER'!AP44) | AS81: =IF('Residual-RosteredMATRIX-CARER'!AQ44=0,"",'Residual-RosteredMATRIX-CARER'!AQ44) | AT81: =IF('Residual-RosteredMATRIX-CARER'!AR44=0,"",'Residual-RosteredMATRIX-CARER'!AR44) | AU81: =IF('Residual-RosteredMATRIX-CARER'!AS44=0,"",'Residual-RosteredMATRIX-CARER'!AS44) | ... AW81: =IF('Residual-RosteredMATRIX-CARER'!AU44=0,"",'Residual-RosteredMATRIX-CARER'!AU44)
B82: ='Residual-RosteredMATRIX-CARER'!D14 -> Carer | C82: ='Residual-RosteredMATRIX-CARER'!C14 -> Wynyard, Zoe | D82: ='Residual-RosteredMATRIX-CARER'!E14 -> 72 | E82: =Max_HRS-Table314[[#This Row],[ROSTERED TIME]] -> 4 | F82: =SUM(H82:AV82) -> -1 | G82: =Table314[[#This Row],[ROSTERED TIME]]+Table314[[#This Row],[CHANGE TIME]] -> 71 | H82: =IF('Residual-RosteredMATRIX-CARER'!F14=0,"",'Residual-RosteredMATRIX-CARER'!F14) -> 0/ 7.5 | I82: =IF('Residual-RosteredMATRIX-CARER'!G14=0,"",'Residual-RosteredMATRIX-CARER'!G14) -> 0/ 0.5 | J82: =IF('Residual-RosteredMATRIX-CARER'!H14=0,"",'Residual-RosteredMATRIX-CARER'!H14) | K82: =IF('Residual-RosteredMATRIX-CARER'!I14=0,"",'Residual-RosteredMATRIX-CARER'!I14) -> 0/ 7.5 | L82: -0.5 | M82: =IF('Residual-RosteredMATRIX-CARER'!K14=0,"",'Residual-RosteredMATRIX-CARER'!K14) | N82: =IF('Residual-RosteredMATRIX-CARER'!L14=0,"",'Residual-RosteredMATRIX-CARER'!L14) -> 0/ 7.5 | O82: -0.5 | P82: =IF('Residual-RosteredMATRIX-CARER'!N14=0,"",'Residual-RosteredMATRIX-CARER'!N14) | Q82: =IF('Residual-RosteredMATRIX-CARER'!O14=0,"",'Residual-RosteredMATRIX-CARER'!O14) -> 0/ 7.5 | R82: =IF('Residual-RosteredMATRIX-CARER'!P14=0,"",'Residual-RosteredMATRIX-CARER'!P14) -> 0/ 0.5 | S82: =IF('Residual-RosteredMATRIX-CARER'!Q14=0,"",'Residual-RosteredMATRIX-CARER'!Q14) | T82: =IF('Residual-RosteredMATRIX-CARER'!R14=0,"",'Residual-RosteredMATRIX-CARER'!R14) | U82: =IF('Residual-RosteredMATRIX-CARER'!S14=0,"",'Residual-RosteredMATRIX-CARER'!S14) | V82: =IF('Residual-RosteredMATRIX-CARER'!T14=0,"",'Residual-RosteredMATRIX-CARER'!T14) | W82: =IF('Residual-RosteredMATRIX-CARER'!U14=0,"",'Residual-RosteredMATRIX-CARER'!U14) | ... AF82: =IF('Residual-RosteredMATRIX-CARER'!AD14=0,"",'Residual-RosteredMATRIX-CARER'!AD14) -> 0/ 7.5 | AG82: =IF('Residual-RosteredMATRIX-CARER'!AE51=0,"",'Residual-RosteredMATRIX-CARER'!AE51) | AH82: =IF('Residual-RosteredMATRIX-CARER'!AF14=0,"",'Residual-RosteredMATRIX-CARER'!AF14) | AI82: =IF('Residual-RosteredMATRIX-CARER'!AG14=0,"",'Residual-RosteredMATRIX-CARER'!AG14) -> 0/ 7.5 | AJ82: =IF('Residual-RosteredMATRIX-CARER'!AH14=0,"",'Residual-RosteredMATRIX-CARER'!AH14) -> 0/ 0.5 | AK82: =IF('Residual-RosteredMATRIX-CARER'!AI14=0,"",'Residual-RosteredMATRIX-CARER'!AI14) | AL82: =IF('Residual-RosteredMATRIX-CARER'!AJ14=0,"",'Residual-RosteredMATRIX-CARER'!AJ14) | AM82: =IF('Residual-RosteredMATRIX-CARER'!AK14=0,"",'Residual-RosteredMATRIX-CARER'!AK14) | AN82: =IF('Residual-RosteredMATRIX-CARER'!AL14=0,"",'Residual-RosteredMATRIX-CARER'!AL14) | AO82: =IF('Residual-RosteredMATRIX-CARER'!AM14=0,"",'Residual-RosteredMATRIX-CARER'!AM14) | ... AW82: =IF('Residual-RosteredMATRIX-CARER'!AU14=0,"",'Residual-RosteredMATRIX-CARER'!AU14)
B83: ='Residual-RosteredMATRIX-CARER'!D31 -> Carer | C83: ='Residual-RosteredMATRIX-CARER'!C31 -> Thurling, Sharn | D83: ='Residual-RosteredMATRIX-CARER'!E31 -> 68 | E83: =Max_HRS-Table314[[#This Row],[ROSTERED TIME]] -> 8 | F83: =SUM(H83:AV83) -> 8.3 | G83: =Table314[[#This Row],[ROSTERED TIME]]+Table314[[#This Row],[CHANGE TIME]] -> 76.3 | H83: =IF('Residual-RosteredMATRIX-CARER'!F31=0,"",'Residual-RosteredMATRIX-CARER'!F31) | I83: =IF('Residual-RosteredMATRIX-CARER'!G31=0,"",'Residual-RosteredMATRIX-CARER'!G31) -> 0/ 7.8 | J83: =IF('Residual-RosteredMATRIX-CARER'!H31=0,"",'Residual-RosteredMATRIX-CARER'!H31) -> 0/ 0.2 | K83: =IF('Residual-RosteredMATRIX-CARER'!I31=0,"",'Residual-RosteredMATRIX-CARER'!I31) | M83: =IF('Residual-RosteredMATRIX-CARER'!K31=0,"",'Residual-RosteredMATRIX-CARER'!K31) | N83: =IF('Residual-RosteredMATRIX-CARER'!L31=0,"",'Residual-RosteredMATRIX-CARER'!L31) | O83: =IF('Residual-RosteredMATRIX-CARER'!M31=0,"",'Residual-RosteredMATRIX-CARER'!M31) -> 1/ 7 | P83: =IF('Residual-RosteredMATRIX-CARER'!N31=0,"",'Residual-RosteredMATRIX-CARER'!N31) | Q83: =IF('Residual-RosteredMATRIX-CARER'!O31=0,"",'Residual-RosteredMATRIX-CARER'!O31) | R83: =IF('Residual-RosteredMATRIX-CARER'!P31=0,"",'Residual-RosteredMATRIX-CARER'!P31) -> 1/ 7 | S83: =IF('Residual-RosteredMATRIX-CARER'!Q31=0,"",'Residual-RosteredMATRIX-CARER'!Q31) | T83: =IF('Residual-RosteredMATRIX-CARER'!R31=0,"",'Residual-RosteredMATRIX-CARER'!R31) | U83: 7.8 | V83: 0.5 | W83: =IF('Residual-RosteredMATRIX-CARER'!U31=0,"",'Residual-RosteredMATRIX-CARER'!U31) | X83: =IF('Residual-RosteredMATRIX-CARER'!V31=0,"",'Residual-RosteredMATRIX-CARER'!V31) | Y83: =IF('Residual-RosteredMATRIX-CARER'!W31=0,"",'Residual-RosteredMATRIX-CARER'!W31) | Z83: =IF('Residual-RosteredMATRIX-CARER'!X31=0,"",'Residual-RosteredMATRIX-CARER'!X31) | AA83: =IF('Residual-RosteredMATRIX-CARER'!Y31=0,"",'Residual-RosteredMATRIX-CARER'!Y31) | AB83: =IF('Residual-RosteredMATRIX-CARER'!Z31=0,"",'Residual-RosteredMATRIX-CARER'!Z31) | AC83: =IF('Residual-RosteredMATRIX-CARER'!AA31=0,"",'Residual-RosteredMATRIX-CARER'!AA31) | AD83: =IF('Residual-RosteredMATRIX-CARER'!AB31=0,"",'Residual-RosteredMATRIX-CARER'!AB31) -> 0/ 7.8 | ... AF83: =IF('Residual-RosteredMATRIX-CARER'!AD31=0,"",'Residual-RosteredMATRIX-CARER'!AD31) | AG83: =IF('Residual-RosteredMATRIX-CARER'!AE52=0,"",'Residual-RosteredMATRIX-CARER'!AE52) | AH83: =IF('Residual-RosteredMATRIX-CARER'!AF31=0,"",'Residual-RosteredMATRIX-CARER'!AF31) | AI83: =IF('Residual-RosteredMATRIX-CARER'!AG31=0,"",'Residual-RosteredMATRIX-CARER'!AG31) | AJ83: =IF('Residual-RosteredMATRIX-CARER'!AH31=0,"",'Residual-RosteredMATRIX-CARER'!AH31) | AK83: =IF('Residual-RosteredMATRIX-CARER'!AI31=0,"",'Residual-RosteredMATRIX-CARER'!AI31) | AL83: =IF('Residual-RosteredMATRIX-CARER'!AJ31=0,"",'Residual-RosteredMATRIX-CARER'!AJ31) | AM83: =IF('Residual-RosteredMATRIX-CARER'!AK31=0,"",'Residual-RosteredMATRIX-CARER'!AK31) -> 0/ 7.8 | AN83: =IF('Residual-RosteredMATRIX-CARER'!AL31=0,"",'Residual-RosteredMATRIX-CARER'!AL31) -> 0/ 0.2 | AO83: =IF('Residual-RosteredMATRIX-CARER'!AM31=0,"",'Residual-RosteredMATRIX-CARER'!AM31) | ... AW83: =IF('Residual-RosteredMATRIX-CARER'!AU31=0,"",'Residual-RosteredMATRIX-CARER'!AU31) -> 0/ 0.2

Sheet RN
B1: Column1 | C1: Column2
B2: FACILITY: | C2: MAIT | K2: CHOOSE UNITS: | L2: HRS | M2: =_xlfn.XLOOKUP(RN!L2,Table5[UNITS],Table5[HRS/FTE]) -> 1 | O2: Max HRS: | P2: 76
H3: M | K3: T | N3: W | Q3: T | T3: F | W3: S | Z3: S | AC3: ` | AF3: T | AI3: W | AL3: T | AO3: F | AR3: S | AU3: S
A4: =Header!B10 -> Facility | B4: =Header!C10 -> EffortType | C4: =Header!D10 -> Role | D4: RN | H4: =Header!E10 -> 19/06 AM | I4: =Header!F10 -> 19/06 PM | J4: =Header!G10 -> 19/06 NIGHT | K4: =Header!H10 -> 20/06 AM | L4: =Header!I10 -> 20/06 PM | M4: =Header!J10 -> 20/06 NIGHT | N4: =Header!K10 -> 21/06 AM | O4: =Header!L10 -> 21/06 PM | ... AW4: =Header!AT10 -> 2/07 NIGHT
A5: =Header!B11 -> MAIT | B5: ='Header-RN'!B2 -> Demand | C5: =SUM(H5:AW5) -> 525.7 | H5: ='Header-RN'!D2 -> 13.9 | I5: ='Header-RN'!E2 -> 15.2 | J5: ='Header-RN'!F2 -> 7.6 | K5: ='Header-RN'!G2 -> 14.8 | L5: ='Header-RN'!H2 -> 15.2 | M5: ='Header-RN'!I2 -> 7.6 | N5: ='Header-RN'!J2 -> 14.8 | O5: ='Header-RN'!K2 -> 15.2 | ... AW5: ='Header-RN'!AS2 -> 7.6
A6: =Header!B12 -> MAIT | B6: ='Header-RN'!B3 -> Allocation | C6: =SUM(H6:AW6) -> 448.2 | D6: Shortage | E6: Excess | H6: ='Header-RN'!D3 -> 19.2 | I6: ='Header-RN'!E3 -> 10.5 | J6: ='Header-RN'!F3 -> 7.1 | K6: ='Header-RN'!G3 -> 14.8 | L6: ='Header-RN'!H3 -> 8.3 | M6: ='Header-RN'!I3 -> 7.1 | N6: ='Header-RN'!J3 -> 14.8 | O6: ='Header-RN'!K3 -> 0.9 | ... AW6: ='Header-RN'!AS3 -> 4.1
A7: =Header!B16 -> MAIT | B7: ='Header-RN'!B4 -> Initial DA Gap | D7: =SUM(H8:AW8) -> -107.7 | E7: =SUM(H9:AW9) -> 30.6 | H7: ='Header-RN'!D4 -> 5.3 | I7: ='Header-RN'!E4 -> -4.7 | J7: ='Header-RN'!F4 -> -0.5 | K7: ='Header-RN'!G4 -> 0 | L7: ='Header-RN'!H4 -> -6.9 | M7: ='Header-RN'!I4 -> -0.5 | N7: ='Header-RN'!J4 -> 0 | O7: ='Header-RN'!K4 -> -14.3 | ... AW7: ='Header-RN'!AS4 -> -3.5
H8: =IF(H7<0,H7,"") | I8: =IF(I7<0,I7,"") -> -4.7 | J8: =IF(J7<0,J7,"") -> -0.5 | K8: =IF(K7<0,K7,"") | L8: =IF(L7<0,L7,"") -> -6.9 | M8: =IF(M7<0,M7,"") -> -0.5 | N8: =IF(N7<0,N7,"") | O8: =IF(O7<0,O7,"") -> -14.3 | ... AW8: =IF(AW7<0,AW7,"") -> -3.5
H9: =IF(H7>0,H7,"") -> 5.3 | I9: =IF(I7>0,I7,"") | J9: =IF(J7>0,J7,"") | K9: =IF(K7>0,K7,"") | L9: =IF(L7>0,L7,"") | M9: =IF(M7>0,M7,"") | N9: =IF(N7>0,N7,"") | O9: =IF(O7>0,O7,"") | ... AW9: =IF(AW7>0,AW7,"")
B10: HeadCount
B11: Change | D11: =D7-D12 -> -21.8 | E11: =E7-E12 -> 21.1 | H11: =SUM(Table3[2])/UNIT -> -4.2 | I11: =SUM(Table3[3])/UNIT -> 5 | J11: =SUM(Table3[4])/UNIT -> 0 | K11: =SUM(Table3[5])/UNIT -> 0 | L11: =SUM(Table3[6])/UNIT -> 0 | M11: =SUM(Table3[7])/UNIT -> 0 | N11: =SUM(Table3[8])/UNIT -> 0 | O11: =SUM(Table3[9])/UNIT -> 0 | P11: =SUM(Table3[10])/UNIT -> 0 | Q11: =SUM(Table3[11])/UNIT -> 1 | R11: =SUM(Table3[12])/UNIT -> 0 | S11: =SUM(Table3[13])/UNIT -> 0 | T11: =SUM(Table3[14])/UNIT -> 0 | U11: =SUM(Table3[15])/UNIT -> 0 | V11: =SUM(Table3[16])/UNIT -> 0 | W11: =SUM(Table3[17])/UNIT -> 7.2 | X11: =SUM(Table3[18])/UNIT -> 0 | Y11: =SUM(Table3[19])/UNIT -> 0 | Z11: =SUM(Table3[20])/UNIT -> 0 | AA11: =SUM(Table3[21])/UNIT -> 0 | AB11: =SUM(Table3[22])/UNIT -> 0 | AC11: =SUM(Table3[23])/UNIT -> -4.2 | AD11: =SUM(Table3[24])/UNIT -> 5 | AE11: =SUM(Table3[25])/UNIT -> 0 | AF11: =SUM(Table3[26])/UNIT -> 0 | AG11: =SUM(Table3[27])/UNIT -> 0 | AH11: =SUM(Table3[28])/UNIT -> 0.5 | AI11: =SUM(Table3[29])/UNIT -> 0 | AJ11: =SUM(Table3[30])/UNIT -> 0 | AK11: =SUM(Table3[31])/UNIT -> 0.4 | AL11: =SUM(Table3[32])/UNIT -> 1 | AM11: =SUM(Table3[33])/UNIT -> 0 | AN11: =SUM(Table3[34])/UNIT -> 0 | AO11: =SUM(Table3[35])/UNIT -> -14.5 | AP11: =SUM(Table3[36])/UNIT -> 0 | AQ11: =SUM(Table3[37])/UNIT -> 0 | AR11: =SUM(Table3[38])/UNIT -> 0 | AS11: =SUM(Table3[39])/UNIT -> 0 | AT11: =SUM(Table3[40])/UNIT -> 0 | AU11: =SUM(Table3[41])/UNIT -> 0 | AV11: =SUM(Table3[42])/UNIT -> 0 | AW11: =SUM(Table3[43])/UNIT -> 3.5
B12: Remaining GAP | D12: =SUM(H13:AW13) -> -85.9 | E12: =SUM(H14:AW14) -> 9.5 | H12: =H7+H11 -> 1.1 | I12: =I7+I11 -> 0.3 | J12: =J7+J11 -> -0.5 | K12: =K7+K11 -> 0 | L12: =L7+L11 -> -6.9 | M12: =M7+M11 -> -0.5 | N12: =N7+N11 -> 0 | O12: =O7+O11 -> -14.3 | ... AW12: =AW7+AW11 -> 0
H13: =IF(H12<0,H12,"") | I13: =IF(I12<0,I12,"") | J13: =IF(J12<0,J12,"") -> -0.5 | K13: =IF(K12<0,K12,"") | L13: =IF(L12<0,L12,"") -> -6.9 | M13: =IF(M12<0,M12,"") -> -0.5 | N13: =IF(N12<0,N12,"") | O13: =IF(O12<0,O12,"") -> -14.3 | ... AW13: =IF(AW12<0,AW12,"")
H14: =IF(H12>0,H12,"") -> 1.1 | I14: =IF(I12>0,I12,"") -> 0.3 | J14: =IF(J12>0,J12,"") | K14: =IF(K12>0,K12,"") | L14: =IF(L12>0,L12,"") | M14: =IF(M12>0,M12,"") | N14: =IF(N12>0,N12,"") | O14: =IF(O12>0,O12,"") | ... AW14: =IF(AW12>0,AW12,"")
B17: Role] | C17: NAME | D17: ROSTERED TIME | E17: RESIDUAL TIME | F17: CHANGE TIME | G17: CHANGED TOTAL | H17: 2 | I17: 3 | J17: 4 | K17: 5 | L17: 6 | M17: 7 | N17: 8 | O17: 9 | P17: 10 | Q17: 11 | R17: 12 | S17: 13 | T17: 14 | U17: 15 | V17: 16 | W17: 17 | X17: 18 | Y17: 19 | Z17: 20 | AA17: 21 | AB17: 22 | AC17: 23 | AD17: 24 | AE17: 25 | AF17: 26 | AG17: 27 | AH17: 28 | AI17: 29 | AJ17: 30 | AK17: 31 | AL17: 32 | AM17: 33 | AN17: 34 | AO17: 35 | AP17: 36 | AQ17: 37 | AR17: 38 | AS17: 39 | AT17: 40 | AU17: 41 | AV17: 42 | AW17: 43
A18: ='Residual-Rostered'!#REF! -> #REF! | B18: ='Residual-RosteredMATRIX-RN'!D2 -> Registered Nurse | C18: ='Residual-RosteredMATRIX-RN'!C2 -> Sebastian, Sintu | D18: ='Residual-RosteredMATRIX-RN'!E2 -> 76 | E18: =Max_HRS-Table3[[#This Row],[ROSTERED TIME]] -> 0 | F18: =SUM(H18:AV18) -> -6.5 | G18: =Table3[[#This Row],[ROSTERED TIME]]+Table3[[#This Row],[CHANGE TIME]] -> 69.5 | H18: =IF('Residual-RosteredMATRIX-RN'!F2=0,"",'Residual-RosteredMATRIX-RN'!F2) -> 0/ 7.5 | I18: =IF('Residual-RosteredMATRIX-RN'!G2=0,"",'Residual-RosteredMATRIX-RN'!G2) -> 0/ 0.5 | J18: =IF('Residual-RosteredMATRIX-RN'!H2=0,"",'Residual-RosteredMATRIX-RN'!H2) | K18: =IF('Residual-RosteredMATRIX-RN'!I2=0,"",'Residual-RosteredMATRIX-RN'!I2) -> 0/ 7.5 | L18: =IF('Residual-RosteredMATRIX-RN'!J2=0,"",'Residual-RosteredMATRIX-RN'!J2) -> 0/ 0.5 | M18: =IF('Residual-RosteredMATRIX-RN'!K2=0,"",'Residual-RosteredMATRIX-RN'!K2) | N18: =IF('Residual-RosteredMATRIX-RN'!L2=0,"",'Residual-RosteredMATRIX-RN'!L2) -> 0/ 7.5 | O18: =IF('Residual-RosteredMATRIX-RN'!M2=0,"",'Residual-RosteredMATRIX-RN'!M2) -> 0/ 0.5 | P18: =IF('Residual-RosteredMATRIX-RN'!N2=0,"",'Residual-RosteredMATRIX-RN'!N2) | Q18: 0.5 | R18: =IF('Residual-RosteredMATRIX-RN'!P2=0,"",'Residual-RosteredMATRIX-RN'!P2) | S18: =IF('Residual-RosteredMATRIX-RN'!Q2=0,"",'Residual-RosteredMATRIX-RN'!Q2) | T18: =IF('Residual-RosteredMATRIX-RN'!R2=0,"",'Residual-RosteredMATRIX-RN'!R2) -> 1/ 7 | U18: =IF('Residual-RosteredMATRIX-RN'!S2=0,"",'Residual-RosteredMATRIX-RN'!S2) | V18: =IF('Residual-RosteredMATRIX-RN'!T2=0,"",'Residual-RosteredMATRIX-RN'!T2) | W18: =IF('Residual-RosteredMATRIX-RN'!U2=0,"",'Residual-RosteredMATRIX-RN'!U2) | X18: =IF('Residual-RosteredMATRIX-RN'!V2=0,"",'Residual-RosteredMATRIX-RN'!V2) | Y18: =IF('Residual-RosteredMATRIX-RN'!W2=0,"",'Residual-RosteredMATRIX-RN'!W2) | ... AN18: =IF('Residual-RosteredMATRIX-RN'!AL2=0,"",'Residual-RosteredMATRIX-RN'!AL2) | AO18: -7 | AP18: =IF('Residual-RosteredMATRIX-RN'!AN2=0,"",'Residual-RosteredMATRIX-RN'!AN2) | AQ18: =IF('Residual-RosteredMATRIX-RN'!AO2=0,"",'Residual-RosteredMATRIX-RN'!AO2) | AR18: =IF('Residual-RosteredMATRIX-RN'!AP2=0,"",'Residual-RosteredMATRIX-RN'!AP2) | AS18: =IF('Residual-RosteredMATRIX-RN'!AQ2=0,"",'Residual-RosteredMATRIX-RN'!AQ2) | AT18: =IF('Residual-RosteredMATRIX-RN'!AR2=0,"",'Residual-RosteredMATRIX-RN'!AR2) | AU18: =IF('Residual-RosteredMATRIX-RN'!AS2=0,"",'Residual-RosteredMATRIX-RN'!AS2) | AV18: =IF('Residual-RosteredMATRIX-RN'!AT2=0,"",'Residual-RosteredMATRIX-RN'!AT2) | AW18: =IF('Residual-RosteredMATRIX-RN'!AU2=0,"",'Residual-RosteredMATRIX-RN'!AU2)
A19: ='Residual-Rostered'!#REF! -> #REF! | B19: ='Residual-RosteredMATRIX-RN'!D3 -> Registered Nurse | C19: ='Residual-RosteredMATRIX-RN'!C3 -> Raphel, Shinoy | D19: ='Residual-RosteredMATRIX-RN'!E3 -> 63 | E19: =Max_HRS-Table3[[#This Row],[ROSTERED TIME]] -> 13 | F19: =SUM(H19:AV19) -> 1.6 | G19: =Table3[[#This Row],[ROSTERED TIME]]+Table3[[#This Row],[CHANGE TIME]] -> 64.6 | H19: -4.2 | I19: 5 | J19: =IF('Residual-RosteredMATRIX-RN'!H3=0,"",'Residual-RosteredMATRIX-RN'!H3) | K19: =IF('Residual-RosteredMATRIX-RN'!I3=0,"",'Residual-RosteredMATRIX-RN'!I3) | L19: =IF('Residual-RosteredMATRIX-RN'!J3=0,"",'Residual-RosteredMATRIX-RN'!J3) | M19: =IF('Residual-RosteredMATRIX-RN'!K3=0,"",'Residual-RosteredMATRIX-RN'!K3) | N19: =IF('Residual-RosteredMATRIX-RN'!L3=0,"",'Residual-RosteredMATRIX-RN'!L3) | O19: =IF('Residual-RosteredMATRIX-RN'!M3=0,"",'Residual-RosteredMATRIX-RN'!M3) | P19: =IF('Residual-RosteredMATRIX-RN'!N3=0,"",'Residual-RosteredMATRIX-RN'!N3) | Q19: =IF('Residual-RosteredMATRIX-RN'!O3=0,"",'Residual-RosteredMATRIX-RN'!O3) | ... AB19: =IF('Residual-RosteredMATRIX-RN'!Z3=0,"",'Residual-RosteredMATRIX-RN'!Z3) -> 0/ 0.2 | AC19: -4.2 | AD19: 5 | AE19: =IF('Residual-RosteredMATRIX-RN'!AC3=0,"",'Residual-RosteredMATRIX-RN'!AC3) | AF19: =IF('Residual-RosteredMATRIX-RN'!AD3=0,"",'Residual-RosteredMATRIX-RN'!AD3) | AG19: =IF('Residual-RosteredMATRIX-RN'!AE3=0,"",'Residual-RosteredMATRIX-RN'!AE3) | AH19: =IF('Residual-RosteredMATRIX-RN'!AF3=0,"",'Residual-RosteredMATRIX-RN'!AF3) | AI19: =IF('Residual-RosteredMATRIX-RN'!AG3=0,"",'Residual-RosteredMATRIX-RN'!AG3) | AJ19: =IF('Residual-RosteredMATRIX-RN'!AH3=0,"",'Residual-RosteredMATRIX-RN'!AH3) | AK19: =IF('Residual-RosteredMATRIX-RN'!AI3=0,"",'Residual-RosteredMATRIX-RN'!AI3) | AL19: =IF('Residual-RosteredMATRIX-RN'!AJ3=0,"",'Residual-RosteredMATRIX-RN'!AJ3) | ... AW19: =IF('Residual-RosteredMATRIX-RN'!AU3=0,"",'Residual-RosteredMATRIX-RN'!AU3) -> 0/ 0.2
A20: ='Residual-Rostered'!#REF! -> #REF! | B20: ='Residual-RosteredMATRIX-RN'!D4 -> Registered Nurse | C20: ='Residual-RosteredMATRIX-RN'!C4 -> Joseph, Jinu | D20: ='Residual-RosteredMATRIX-RN'!E4 -> 76 | E20: =Max_HRS-Table3[[#This Row],[ROSTERED TIME]] -> 0 | F20: =SUM(H20:AV20) -> 1.5 | G20: =Table3[[#This Row],[ROSTERED TIME]]+Table3[[#This Row],[CHANGE TIME]] -> 77.5 | H20: =IF('Residual-RosteredMATRIX-RN'!F4=0,"",'Residual-RosteredMATRIX-RN'!F4) -> 0/ 7.5 | I20: =IF('Residual-RosteredMATRIX-RN'!G4=0,"",'Residual-RosteredMATRIX-RN'!G4) -> 0/ 0.5 | J20: =IF('Residual-RosteredMATRIX-RN'!H4=0,"",'Residual-RosteredMATRIX-RN'!H4) | K20: =IF('Residual-RosteredMATRIX-RN'!I4=0,"",'Residual-RosteredMATRIX-RN'!I4) -> 0/ 7.5 | L20: =IF('Residual-RosteredMATRIX-RN'!J4=0,"",'Residual-RosteredMATRIX-RN'!J4) -> 0/ 0.5 | M20: =IF('Residual-RosteredMATRIX-RN'!K4=0,"",'Residual-RosteredMATRIX-RN'!K4) | N20: =IF('Residual-RosteredMATRIX-RN'!L4=0,"",'Residual-RosteredMATRIX-RN'!L4) -> 0/ 7.5 | O20: =IF('Residual-RosteredMATRIX-RN'!M4=0,"",'Residual-RosteredMATRIX-RN'!M4) -> 0/ 0.5 | P20: =IF('Residual-RosteredMATRIX-RN'!N4=0,"",'Residual-RosteredMATRIX-RN'!N4) | Q20: 0.5 | R20: =IF('Residual-RosteredMATRIX-RN'!P4=0,"",'Residual-RosteredMATRIX-RN'!P4) | S20: =IF('Residual-RosteredMATRIX-RN'!Q4=0,"",'Residual-RosteredMATRIX-RN'!Q4) | T20: =IF('Residual-RosteredMATRIX-RN'!R4=0,"",'Residual-RosteredMATRIX-RN'!R4) -> 1/ 7 | U20: =IF('Residual-RosteredMATRIX-RN'!S4=0,"",'Residual-RosteredMATRIX-RN'!S4) | V20: =IF('Residual-RosteredMATRIX-RN'!T4=0,"",'Residual-RosteredMATRIX-RN'!T4) | W20: =IF('Residual-RosteredMATRIX-RN'!U4=0,"",'Residual-RosteredMATRIX-RN'!U4) | X20: =IF('Residual-RosteredMATRIX-RN'!V4=0,"",'Residual-RosteredMATRIX-RN'!V4) | Y20: =IF('Residual-RosteredMATRIX-RN'!W4=0,"",'Residual-RosteredMATRIX-RN'!W4) | ... AK20: =IF('Residual-RosteredMATRIX-RN'!AI4=0,"",'Residual-RosteredMATRIX-RN'!AI4) | AL20: 1 | AM20: =IF('Residual-RosteredMATRIX-RN'!AK4=0,"",'Residual-RosteredMATRIX-RN'!AK4) | AN20: =IF('Residual-RosteredMATRIX-RN'!AL4=0,"",'Residual-RosteredMATRIX-RN'!AL4) | AO20: =IF('Residual-RosteredMATRIX-RN'!AM4=0,"",'Residual-RosteredMATRIX-RN'!AM4) -> 1/ 7 | AP20: =IF('Residual-RosteredMATRIX-RN'!AN4=0,"",'Residual-RosteredMATRIX-RN'!AN4) | AQ20: =IF('Residual-RosteredMATRIX-RN'!AO4=0,"",'Residual-RosteredMATRIX-RN'!AO4) | AR20: =IF('Residual-RosteredMATRIX-RN'!AP4=0,"",'Residual-RosteredMATRIX-RN'!AP4) | AS20: =IF('Residual-RosteredMATRIX-RN'!AQ4=0,"",'Residual-RosteredMATRIX-RN'!AQ4) | AT20: =IF('Residual-RosteredMATRIX-RN'!AR4=0,"",'Residual-RosteredMATRIX-RN'!AR4) | ... AW20: =IF('Residual-RosteredMATRIX-RN'!AU4=0,"",'Residual-RosteredMATRIX-RN'!AU4)
A21: ='Residual-Rostered'!#REF! -> #REF! | B21: ='Residual-RosteredMATRIX-RN'!D5 -> Registered Nurse | C21: ='Residual-RosteredMATRIX-RN'!C5 -> Bhandari, Manisha | D21: ='Residual-RosteredMATRIX-RN'!E5 -> 72 | E21: =Max_HRS-Table3[[#This Row],[ROSTERED TIME]] -> 4 | F21: =SUM(H21:AV21) -> 0 | G21: =Table3[[#This Row],[ROSTERED TIME]]+Table3[[#This Row],[CHANGE TIME]] -> 72 | H21: =IF('Residual-RosteredMATRIX-RN'!F5=0,"",'Residual-RosteredMATRIX-RN'!F5) | I21: =IF('Residual-RosteredMATRIX-RN'!G5=0,"",'Residual-RosteredMATRIX-RN'!G5) -> 0/ 7.8 | J21: =IF('Residual-RosteredMATRIX-RN'!H5=0,"",'Residual-RosteredMATRIX-RN'!H5) -> 0/ 0.2 | K21: =IF('Residual-RosteredMATRIX-RN'!I5=0,"",'Residual-RosteredMATRIX-RN'!I5) | L21: =IF('Residual-RosteredMATRIX-RN'!J5=0,"",'Residual-RosteredMATRIX-RN'!J5) -> 0/ 7.8 | M21: =IF('Residual-RosteredMATRIX-RN'!K5=0,"",'Residual-RosteredMATRIX-RN'!K5) -> 0/ 0.2 | N21: =IF('Residual-RosteredMATRIX-RN'!L5=0,"",'Residual-RosteredMATRIX-RN'!L5) | O21: =IF('Residual-RosteredMATRIX-RN'!M5=0,"",'Residual-RosteredMATRIX-RN'!M5) | ... AW21: =IF('Residual-RosteredMATRIX-RN'!AU5=0,"",'Residual-RosteredMATRIX-RN'!AU5) -> 0/ 0.2
A22: ='Residual-Rostered'!#REF! -> #REF! | B22: ='Residual-RosteredMATRIX-RN'!D6 -> Registered Nurse | C22: ='Residual-RosteredMATRIX-RN'!C6 -> Gould, Diana | D22: ='Residual-RosteredMATRIX-RN'!E6 -> 54.6 | E22: =Max_HRS-Table3[[#This Row],[ROSTERED TIME]] -> 21.4 | F22: =SUM(H22:AV22) -> 0.5 | G22: =Table3[[#This Row],[ROSTERED TIME]]+Table3[[#This Row],[CHANGE TIME]] -> 55.1 | H22: =IF('Residual-RosteredMATRIX-RN'!F6=0,"",'Residual-RosteredMATRIX-RN'!F6) | I22: =IF('Residual-RosteredMATRIX-RN'!G6=0,"",'Residual-RosteredMATRIX-RN'!G6) | J22: =IF('Residual-RosteredMATRIX-RN'!H6=0,"",'Residual-RosteredMATRIX-RN'!H6) -> 0.7/ 7.3 | K22: =IF('Residual-RosteredMATRIX-RN'!I6=0,"",'Residual-RosteredMATRIX-RN'!I6) -> 0.2/ 0.5 | L22: =IF('Residual-RosteredMATRIX-RN'!J6=0,"",'Residual-RosteredMATRIX-RN'!J6) | M22: =IF('Residual-RosteredMATRIX-RN'!K6=0,"",'Residual-RosteredMATRIX-RN'!K6) -> 0.2/ 7.3 | N22: =IF('Residual-RosteredMATRIX-RN'!L6=0,"",'Residual-RosteredMATRIX-RN'!L6) -> 1.2/ 0.5 | O22: =IF('Residual-RosteredMATRIX-RN'!M6=0,"",'Residual-RosteredMATRIX-RN'!M6) | ... AG22: =IF('Residual-RosteredMATRIX-RN'!AE6=0,"",'Residual-RosteredMATRIX-RN'!AE6) | AH22: 0.5 | AI22: =IF('Residual-RosteredMATRIX-RN'!AG6=0,"",'Residual-RosteredMATRIX-RN'!AG6) -> 1.2/ 0.5 | AJ22: =IF('Residual-RosteredMATRIX-RN'!AH6=0,"",'Residual-RosteredMATRIX-RN'!AH6) | AK22: =IF('Residual-RosteredMATRIX-RN'!AI6=0,"",'Residual-RosteredMATRIX-RN'!AI6) | AL22: =IF('Residual-RosteredMATRIX-RN'!AJ6=0,"",'Residual-RosteredMATRIX-RN'!AJ6) | AM22: =IF('Residual-RosteredMATRIX-RN'!AK6=0,"",'Residual-RosteredMATRIX-RN'!AK6) | AN22: =IF('Residual-RosteredMATRIX-RN'!AL6=0,"",'Residual-RosteredMATRIX-RN'!AL6) | AO22: =IF('Residual-RosteredMATRIX-RN'!AM6=0,"",'Residual-RosteredMATRIX-RN'!AM6) | AP22: =IF('Residual-RosteredMATRIX-RN'!AN6=0,"",'Residual-RosteredMATRIX-RN'!AN6) | ... AW22: =IF('Residual-RosteredMATRIX-RN'!AU6=0,"",'Residual-RosteredMATRIX-RN'!AU6)
A23: ='Residual-Rostered'!#REF! -> #REF! | B23: ='Residual-RosteredMATRIX-RN'!D7 -> Registered Nurse | C23: ='Residual-RosteredMATRIX-RN'!C7 -> Teat, Ron | D23: ='Residual-RosteredMATRIX-RN'!E7 -> 50.7 | E23: =Max_HRS-Table3[[#This Row],[ROSTERED TIME]] -> 25.3 | F23: =SUM(H23:AV23) -> 0.4 | G23: =Table3[[#This Row],[ROSTERED TIME]]+Table3[[#This Row],[CHANGE TIME]] -> 51.1 | H23: =IF('Residual-RosteredMATRIX-RN'!F7=0,"",'Residual-RosteredMATRIX-RN'!F7) | I23: =IF('Residual-RosteredMATRIX-RN'!G7=0,"",'Residual-RosteredMATRIX-RN'!G7) | J23: =IF('Residual-RosteredMATRIX-RN'!H7=0,"",'Residual-RosteredMATRIX-RN'!H7) | K23: =IF('Residual-RosteredMATRIX-RN'!I7=0,"",'Residual-RosteredMATRIX-RN'!I7) | L23: =IF('Residual-RosteredMATRIX-RN'!J7=0,"",'Residual-RosteredMATRIX-RN'!J7) | M23: =IF('Residual-RosteredMATRIX-RN'!K7=0,"",'Residual-RosteredMATRIX-RN'!K7) | N23: =IF('Residual-RosteredMATRIX-RN'!L7=0,"",'Residual-RosteredMATRIX-RN'!L7) | O23: =IF('Residual-RosteredMATRIX-RN'!M7=0,"",'Residual-RosteredMATRIX-RN'!M7) | ... AJ23: =IF('Residual-RosteredMATRIX-RN'!AH7=0,"",'Residual-RosteredMATRIX-RN'!AH7) | AK23: 0.4 | AL23: =IF('Residual-RosteredMATRIX-RN'!AJ7=0,"",'Residual-RosteredMATRIX-RN'!AJ7) -> 0.2/ 0.5 | AM23: =IF('Residual-RosteredMATRIX-RN'!AK7=0,"",'Residual-RosteredMATRIX-RN'!AK7) | AN23: =IF('Residual-RosteredMATRIX-RN'!AL7=0,"",'Residual-RosteredMATRIX-RN'!AL7) -> 0.2/ 7.3 | AO23: =IF('Residual-RosteredMATRIX-RN'!AM7=0,"",'Residual-RosteredMATRIX-RN'!AM7) -> 0.2/ 0.5 | AP23: =IF('Residual-RosteredMATRIX-RN'!AN7=0,"",'Residual-RosteredMATRIX-RN'!AN7) | AQ23: =IF('Residual-RosteredMATRIX-RN'!AO7=0,"",'Residual-RosteredMATRIX-RN'!AO7) -> 0.2/ 7.3 | AR23: =IF('Residual-RosteredMATRIX-RN'!AP7=0,"",'Residual-RosteredMATRIX-RN'!AP7) -> 0.2/ 0.5 | AS23: =IF('Residual-RosteredMATRIX-RN'!AQ7=0,"",'Residual-RosteredMATRIX-RN'!AQ7) | ... AV23: =IF('Residual-RosteredMATRIX-RN'!AT7=0,"",'Residual-RosteredMATRIX-RN'!AT7) | AW23: 3.5
A24: ='Residual-Rostered'!#REF! -> #REF! | B24: ='Residual-RosteredMATRIX-RN'!D8 -> Registered Nurse | C24: ='Residual-RosteredMATRIX-RN'!C8 -> Mathew, Christeena | D24: ='Residual-RosteredMATRIX-RN'!E8 -> 32 | E24: =Max_HRS-Table3[[#This Row],[ROSTERED TIME]] -> 44 | F24: =SUM(H24:AV24) -> 0 | G24: =Table3[[#This Row],[ROSTERED TIME]]+Table3[[#This Row],[CHANGE TIME]] -> 32 | H24: =IF('Residual-RosteredMATRIX-RN'!F8=0,"",'Residual-RosteredMATRIX-RN'!F8) | I24: =IF('Residual-RosteredMATRIX-RN'!G8=0,"",'Residual-RosteredMATRIX-RN'!G8) | J24: =IF('Residual-RosteredMATRIX-RN'!H8=0,"",'Residual-RosteredMATRIX-RN'!H8) | K24: =IF('Residual-RosteredMATRIX-RN'!I8=0,"",'Residual-RosteredMATRIX-RN'!I8) | L24: =IF('Residual-RosteredMATRIX-RN'!J8=0,"",'Residual-RosteredMATRIX-RN'!J8) | M24: =IF('Residual-RosteredMATRIX-RN'!K8=0,"",'Residual-RosteredMATRIX-RN'!K8) | N24: =IF('Residual-RosteredMATRIX-RN'!L8=0,"",'Residual-RosteredMATRIX-RN'!L8) | O24: =IF('Residual-RosteredMATRIX-RN'!M8=0,"",'Residual-RosteredMATRIX-RN'!M8) | ... AW24: =IF('Residual-RosteredMATRIX-RN'!AU8=0,"",'Residual-RosteredMATRIX-RN'!AU8)
A25: ='Residual-Rostered'!#REF! -> #REF! | B25: ='Residual-RosteredMATRIX-RN'!D9 -> Registered Nurse | C25: ='Residual-RosteredMATRIX-RN'!C9 -> Bandala, Joanna | D25: ='Residual-RosteredMATRIX-RN'!E9 -> 48 | E25: =Max_HRS-Table3[[#This Row],[ROSTERED TIME]] -> 28 | F25: =SUM(H25:AV25) -> -7.5 | G25: =Table3[[#This Row],[ROSTERED TIME]]+Table3[[#This Row],[CHANGE TIME]] -> 40.5 | H25: =IF('Residual-RosteredMATRIX-RN'!F9=0,"",'Residual-RosteredMATRIX-RN'!F9) | I25: =IF('Residual-RosteredMATRIX-RN'!G9=0,"",'Residual-RosteredMATRIX-RN'!G9) | J25: =IF('Residual-RosteredMATRIX-RN'!H9=0,"",'Residual-RosteredMATRIX-RN'!H9) | K25: =IF('Residual-RosteredMATRIX-RN'!I9=0,"",'Residual-RosteredMATRIX-RN'!I9) | L25: =IF('Residual-RosteredMATRIX-RN'!J9=0,"",'Residual-RosteredMATRIX-RN'!J9) | M25: =IF('Residual-RosteredMATRIX-RN'!K9=0,"",'Residual-RosteredMATRIX-RN'!K9) | N25: =IF('Residual-RosteredMATRIX-RN'!L9=0,"",'Residual-RosteredMATRIX-RN'!L9) | O25: =IF('Residual-RosteredMATRIX-RN'!M9=0,"",'Residual-RosteredMATRIX-RN'!M9) | ... AN25: =IF('Residual-RosteredMATRIX-RN'!AL9=0,"",'Residual-RosteredMATRIX-RN'!AL9) | AO25: -7.5 | AP25: =IF('Residual-RosteredMATRIX-RN'!AN9=0,"",'Residual-RosteredMATRIX-RN'!AN9) -> 0/ 0.5 | AQ25: =IF('Residual-RosteredMATRIX-RN'!AO9=0,"",'Residual-RosteredMATRIX-RN'!AO9) | AR25: =IF('Residual-RosteredMATRIX-RN'!AP9=0,"",'Residual-RosteredMATRIX-RN'!AP9) -> 0/ 7.5 | AS25: =IF('Residual-RosteredMATRIX-RN'!AQ9=0,"",'Residual-RosteredMATRIX-RN'!AQ9) -> 0/ 0.5 | AT25: =IF('Residual-RosteredMATRIX-RN'!AR9=0,"",'Residual-RosteredMATRIX-RN'!AR9) | AU25: =IF('Residual-RosteredMATRIX-RN'!AS9=0,"",'Residual-RosteredMATRIX-RN'!AS9) -> 0/ 7.5 | AV25: =IF('Residual-RosteredMATRIX-RN'!AT9=0,"",'Residual-RosteredMATRIX-RN'!AT9) -> 0/ 0.5 | AW25: =IF('Residual-RosteredMATRIX-RN'!AU9=0,"",'Residual-RosteredMATRIX-RN'!AU9)
A26: ='Residual-Rostered'!#REF! -> #REF! | B26: ='Residual-RosteredMATRIX-RN'!D10 -> 0 | C26: KOCHUKANJIRATHINKAL MATHEW JOBINS | D26: ='Residual-RosteredMATRIX-RN'!D10 -> 0 | E26: =Max_HRS-Table3[[#This Row],[ROSTERED TIME]] -> 76 | F26: =SUM(H26:AV26) -> 7.2 | G26: =Table3[[#This Row],[ROSTERED TIME]]+Table3[[#This Row],[CHANGE TIME]] -> 7.2 | H26: =IF('Residual-RosteredMATRIX-RN'!E10=0,"",'Residual-RosteredMATRIX-RN'!E10) | I26: =IF('Residual-RosteredMATRIX-RN'!F10=0,"",'Residual-RosteredMATRIX-RN'!F10) | J26: =IF('Residual-RosteredMATRIX-RN'!G10=0,"",'Residual-RosteredMATRIX-RN'!G10) | K26: =IF('Residual-RosteredMATRIX-RN'!H10=0,"",'Residual-RosteredMATRIX-RN'!H10) | L26: =IF('Residual-RosteredMATRIX-RN'!I10=0,"",'Residual-RosteredMATRIX-RN'!I10) | M26: =IF('Residual-RosteredMATRIX-RN'!J10=0,"",'Residual-RosteredMATRIX-RN'!J10) | N26: =IF('Residual-RosteredMATRIX-RN'!K10=0,"",'Residual-RosteredMATRIX-RN'!K10) | P26: =IF('Residual-RosteredMATRIX-RN'!M10=0,"",'Residual-RosteredMATRIX-RN'!M10) | Q26: =IF('Residual-RosteredMATRIX-RN'!N10=0,"",'Residual-RosteredMATRIX-RN'!N10) | S26: =IF('Residual-RosteredMATRIX-RN'!P10=0,"",'Residual-RosteredMATRIX-RN'!P10) | T26: =IF('Residual-RosteredMATRIX-RN'!Q10=0,"",'Residual-RosteredMATRIX-RN'!Q10) | U26: =IF('Residual-RosteredMATRIX-RN'!R10=0,"",'Residual-RosteredMATRIX-RN'!R10) | V26: =IF('Residual-RosteredMATRIX-RN'!S10=0,"",'Residual-RosteredMATRIX-RN'!S10) | W26: 7.2 | X26: =IF('Residual-RosteredMATRIX-RN'!U10=0,"",'Residual-RosteredMATRIX-RN'!U10) | Y26: =IF('Residual-RosteredMATRIX-RN'!V10=0,"",'Residual-RosteredMATRIX-RN'!V10) | Z26: =IF('Residual-RosteredMATRIX-RN'!W10=0,"",'Residual-RosteredMATRIX-RN'!W10) | AA26: =IF('Residual-RosteredMATRIX-RN'!X10=0,"",'Residual-RosteredMATRIX-RN'!X10) | AB26: =IF('Residual-RosteredMATRIX-RN'!Y10=0,"",'Residual-RosteredMATRIX-RN'!Y10) | AC26: =IF('Residual-RosteredMATRIX-RN'!Z10=0,"",'Residual-RosteredMATRIX-RN'!Z10) | AD26: =IF('Residual-RosteredMATRIX-RN'!AA10=0,"",'Residual-RosteredMATRIX-RN'!AA10) | AE26: =IF('Residual-RosteredMATRIX-RN'!AB10=0,"",'Residual-RosteredMATRIX-RN'!AB10) | AF26: =IF('Residual-RosteredMATRIX-RN'!AC10=0,"",'Residual-RosteredMATRIX-RN'!AC10) | AH26: =IF('Residual-RosteredMATRIX-RN'!AE10=0,"",'Residual-RosteredMATRIX-RN'!AE10) | AI26: =IF('Residual-RosteredMATRIX-RN'!AF10=0,"",'Residual-RosteredMATRIX-RN'!AF10) | AL26: =IF('Residual-RosteredMATRIX-RN'!AI10=0,"",'Residual-RosteredMATRIX-RN'!AI10) | AM26: =IF('Residual-RosteredMATRIX-RN'!AJ10=0,"",'Residual-RosteredMATRIX-RN'!AJ10) | AN26: =IF('Residual-RosteredMATRIX-RN'!AK10=0,"",'Residual-RosteredMATRIX-RN'!AK10) | AO26: =IF('Residual-RosteredMATRIX-RN'!AL10=0,"",'Residual-RosteredMATRIX-RN'!AL10) | AP26: =IF('Residual-RosteredMATRIX-RN'!AM10=0,"",'Residual-RosteredMATRIX-RN'!AM10) | AQ26: =IF('Residual-RosteredMATRIX-RN'!AN10=0,"",'Residual-RosteredMATRIX-RN'!AN10) | AR26: =IF('Residual-RosteredMATRIX-RN'!AO10=0,"",'Residual-RosteredMATRIX-RN'!AO10) | AS26: =IF('Residual-RosteredMATRIX-RN'!AP10=0,"",'Residual-RosteredMATRIX-RN'!AP10) | ... AW26: =IF('Residual-RosteredMATRIX-RN'!AT10=0,"",'Residual-RosteredMATRIX-RN'!AT10)
A27: ='Residual-Rostered'!#REF! -> #REF! | B27: ='Residual-RosteredMATRIX-RN'!D11 -> 0 | C27: ='Residual-RosteredMATRIX-RN'!B11 -> 0 | D27: ='Residual-RosteredMATRIX-RN'!D11 -> 0 | E27: =Max_HRS-Table3[[#This Row],[ROSTERED TIME]] -> 76 | F27: =SUM(H27:AV27) -> 0 | G27: =Table3[[#This Row],[ROSTERED TIME]]+Table3[[#This Row],[CHANGE TIME]] -> 0 | H27: =IF('Residual-RosteredMATRIX-RN'!E11=0,"",'Residual-RosteredMATRIX-RN'!E11) | I27: =IF('Residual-RosteredMATRIX-RN'!F11=0,"",'Residual-RosteredMATRIX-RN'!F11) | J27: =IF('Residual-RosteredMATRIX-RN'!G11=0,"",'Residual-RosteredMATRIX-RN'!G11) | K27: =IF('Residual-RosteredMATRIX-RN'!H11=0,"",'Residual-RosteredMATRIX-RN'!H11) | L27: =IF('Residual-RosteredMATRIX-RN'!I11=0,"",'Residual-RosteredMATRIX-RN'!I11) | M27: =IF('Residual-RosteredMATRIX-RN'!J11=0,"",'Residual-RosteredMATRIX-RN'!J11) | N27: =IF('Residual-RosteredMATRIX-RN'!K11=0,"",'Residual-RosteredMATRIX-RN'!K11) | O27: =IF('Residual-RosteredMATRIX-RN'!L11=0,"",'Residual-RosteredMATRIX-RN'!L11) | ... AW27: =IF('Residual-RosteredMATRIX-RN'!AT11=0,"",'Residual-RosteredMATRIX-RN'!AT11)
A28: ='Residual-Rostered'!#REF! -> #REF! | B28: ='Residual-RosteredMATRIX-RN'!C12 -> 0 | C28: ='Residual-RosteredMATRIX-RN'!B12 -> 0 | D28: ='Residual-RosteredMATRIX-RN'!D12 -> 0 | E28: =Max_HRS-Table3[[#This Row],[ROSTERED TIME]] -> 76 | F28: =SUM(H28:AV28) -> 0 | G28: =Table3[[#This Row],[ROSTERED TIME]]+Table3[[#This Row],[CHANGE TIME]] -> 0 | H28: =IF('Residual-RosteredMATRIX-RN'!E12=0,"",'Residual-RosteredMATRIX-RN'!E12) | I28: =IF('Residual-RosteredMATRIX-RN'!F12=0,"",'Residual-RosteredMATRIX-RN'!F12) | J28: =IF('Residual-RosteredMATRIX-RN'!G12=0,"",'Residual-RosteredMATRIX-RN'!G12) | K28: =IF('Residual-RosteredMATRIX-RN'!H12=0,"",'Residual-RosteredMATRIX-RN'!H12) | L28: =IF('Residual-RosteredMATRIX-RN'!I12=0,"",'Residual-RosteredMATRIX-RN'!I12) | M28: =IF('Residual-RosteredMATRIX-RN'!J12=0,"",'Residual-RosteredMATRIX-RN'!J12) | N28: =IF('Residual-RosteredMATRIX-RN'!K12=0,"",'Residual-RosteredMATRIX-RN'!K12) | O28: =IF('Residual-RosteredMATRIX-RN'!L12=0,"",'Residual-RosteredMATRIX-RN'!L12) | ... AW28: =IF('Residual-RosteredMATRIX-RN'!AT12=0,"",'Residual-RosteredMATRIX-RN'!AT12)
A29: ='Residual-Rostered'!#REF! -> #REF! | B29: ='Residual-RosteredMATRIX-RN'!C13 -> 0 | C29: ='Residual-RosteredMATRIX-RN'!B13 -> 0 | D29: ='Residual-RosteredMATRIX-RN'!D13 -> 0 | E29: =Max_HRS-Table3[[#This Row],[ROSTERED TIME]] -> 76 | F29: =SUM(H29:AV29) -> 0 | G29: =Table3[[#This Row],[ROSTERED TIME]]+Table3[[#This Row],[CHANGE TIME]] -> 0 | H29: =IF('Residual-RosteredMATRIX-RN'!E13=0,"",'Residual-RosteredMATRIX-RN'!E13) | I29: =IF('Residual-RosteredMATRIX-RN'!F13=0,"",'Residual-RosteredMATRIX-RN'!F13) | J29: =IF('Residual-RosteredMATRIX-RN'!G13=0,"",'Residual-RosteredMATRIX-RN'!G13) | K29: =IF('Residual-RosteredMATRIX-RN'!H13=0,"",'Residual-RosteredMATRIX-RN'!H13) | L29: =IF('Residual-RosteredMATRIX-RN'!I13=0,"",'Residual-RosteredMATRIX-RN'!I13) | M29: =IF('Residual-RosteredMATRIX-RN'!J13=0,"",'Residual-RosteredMATRIX-RN'!J13) | N29: =IF('Residual-RosteredMATRIX-RN'!K13=0,"",'Residual-RosteredMATRIX-RN'!K13) | O29: =IF('Residual-RosteredMATRIX-RN'!L13=0,"",'Residual-RosteredMATRIX-RN'!L13) | ... AW29: =IF('Residual-RosteredMATRIX-RN'!AT13=0,"",'Residual-RosteredMATRIX-RN'!AT13)
A30: ='Residual-Rostered'!#REF! -> #REF! | B30: ='Residual-RosteredMATRIX-RN'!C14 -> 0 | C30: ='Residual-RosteredMATRIX-RN'!B14 -> 0 | D30: ='Residual-RosteredMATRIX-RN'!D14 -> 0 | E30: =Max_HRS-Table3[[#This Row],[ROSTERED TIME]] -> 76 | F30: =SUM(H30:AV30) -> 0 | G30: =Table3[[#This Row],[ROSTERED TIME]]+Table3[[#This Row],[CHANGE TIME]] -> 0 | H30: =IF('Residual-RosteredMATRIX-RN'!E14=0,"",'Residual-RosteredMATRIX-RN'!E14) | I30: =IF('Residual-RosteredMATRIX-RN'!F14=0,"",'Residual-RosteredMATRIX-RN'!F14) | J30: =IF('Residual-RosteredMATRIX-RN'!G14=0,"",'Residual-RosteredMATRIX-RN'!G14) | K30: =IF('Residual-RosteredMATRIX-RN'!H14=0,"",'Residual-RosteredMATRIX-RN'!H14) | L30: =IF('Residual-RosteredMATRIX-RN'!I14=0,"",'Residual-RosteredMATRIX-RN'!I14) | M30: =IF('Residual-RosteredMATRIX-RN'!J14=0,"",'Residual-RosteredMATRIX-RN'!J14) | N30: =IF('Residual-RosteredMATRIX-RN'!K14=0,"",'Residual-RosteredMATRIX-RN'!K14) | O30: =IF('Residual-RosteredMATRIX-RN'!L14=0,"",'Residual-RosteredMATRIX-RN'!L14) | ... AW30: =IF('Residual-RosteredMATRIX-RN'!AT14=0,"",'Residual-RosteredMATRIX-RN'!AT14)
A31: ='Residual-Rostered'!#REF! -> #REF! | B31: ='Residual-RosteredMATRIX-RN'!C15 -> 0 | C31: ='Residual-RosteredMATRIX-RN'!B15 -> 0 | D31: ='Residual-RosteredMATRIX-RN'!D15 -> 0 | E31: =Max_HRS-Table3[[#This Row],[ROSTERED TIME]] -> 76 | F31: =SUM(H31:AV31) -> 0 | G31: =Table3[[#This Row],[ROSTERED TIME]]+Table3[[#This Row],[CHANGE TIME]] -> 0 | H31: =IF('Residual-RosteredMATRIX-RN'!E15=0,"",'Residual-RosteredMATRIX-RN'!E15) | I31: =IF('Residual-RosteredMATRIX-RN'!F15=0,"",'Residual-RosteredMATRIX-RN'!F15) | J31: =IF('Residual-RosteredMATRIX-RN'!G15=0,"",'Residual-RosteredMATRIX-RN'!G15) | K31: =IF('Residual-RosteredMATRIX-RN'!H15=0,"",'Residual-RosteredMATRIX-RN'!H15) | L31: =IF('Residual-RosteredMATRIX-RN'!I15=0,"",'Residual-RosteredMATRIX-RN'!I15) | M31: =IF('Residual-RosteredMATRIX-RN'!J15=0,"",'Residual-RosteredMATRIX-RN'!J15) | N31: =IF('Residual-RosteredMATRIX-RN'!K15=0,"",'Residual-RosteredMATRIX-RN'!K15) | O31: =IF('Residual-RosteredMATRIX-RN'!L15=0,"",'Residual-RosteredMATRIX-RN'!L15) | ... AW31: =IF('Residual-RosteredMATRIX-RN'!AT15=0,"",'Residual-RosteredMATRIX-RN'!AT15)
A32: ='Residual-Rostered'!#REF! -> #REF! | B32: ='Residual-RosteredMATRIX-RN'!C16 -> 0 | C32: ='Residual-RosteredMATRIX-RN'!B16 -> 0 | D32: ='Residual-RosteredMATRIX-RN'!D16 -> 0 | E32: =Max_HRS-Table3[[#This Row],[ROSTERED TIME]] -> 76 | F32: =SUM(H32:AV32) -> 0 | G32: =Table3[[#This Row],[ROSTERED TIME]]+Table3[[#This Row],[CHANGE TIME]] -> 0 | H32: =IF('Residual-RosteredMATRIX-RN'!E16=0,"",'Residual-RosteredMATRIX-RN'!E16) | I32: =IF('Residual-RosteredMATRIX-RN'!F16=0,"",'Residual-RosteredMATRIX-RN'!F16) | J32: =IF('Residual-RosteredMATRIX-RN'!G16=0,"",'Residual-RosteredMATRIX-RN'!G16) | K32: =IF('Residual-RosteredMATRIX-RN'!H16=0,"",'Residual-RosteredMATRIX-RN'!H16) | L32: =IF('Residual-RosteredMATRIX-RN'!I16=0,"",'Residual-RosteredMATRIX-RN'!I16) | M32: =IF('Residual-RosteredMATRIX-RN'!J16=0,"",'Residual-RosteredMATRIX-RN'!J16) | N32: =IF('Residual-RosteredMATRIX-RN'!K16=0,"",'Residual-RosteredMATRIX-RN'!K16) | O32: =IF('Residual-RosteredMATRIX-RN'!L16=0,"",'Residual-RosteredMATRIX-RN'!L16) | ... AW32: =IF('Residual-RosteredMATRIX-RN'!AT16=0,"",'Residual-RosteredMATRIX-RN'!AT16)
A33: ='Residual-Rostered'!#REF! -> #REF! | B33: ='Residual-RosteredMATRIX-RN'!C17 -> 0 | C33: ='Residual-RosteredMATRIX-RN'!B17 -> 0 | D33: ='Residual-RosteredMATRIX-RN'!D17 -> 0 | E33: =Max_HRS-Table3[[#This Row],[ROSTERED TIME]] -> 76 | F33: =SUM(H33:AV33) -> 0 | G33: =Table3[[#This Row],[ROSTERED TIME]]+Table3[[#This Row],[CHANGE TIME]] -> 0 | H33: =IF('Residual-RosteredMATRIX-RN'!E17=0,"",'Residual-RosteredMATRIX-RN'!E17) | I33: =IF('Residual-RosteredMATRIX-RN'!F17=0,"",'Residual-RosteredMATRIX-RN'!F17) | J33: =IF('Residual-RosteredMATRIX-RN'!G17=0,"",'Residual-RosteredMATRIX-RN'!G17) | K33: =IF('Residual-RosteredMATRIX-RN'!H17=0,"",'Residual-RosteredMATRIX-RN'!H17) | L33: =IF('Residual-RosteredMATRIX-RN'!I17=0,"",'Residual-RosteredMATRIX-RN'!I17) | M33: =IF('Residual-RosteredMATRIX-RN'!J17=0,"",'Residual-RosteredMATRIX-RN'!J17) | N33: =IF('Residual-RosteredMATRIX-RN'!K17=0,"",'Residual-RosteredMATRIX-RN'!K17) | O33: =IF('Residual-RosteredMATRIX-RN'!L17=0,"",'Residual-RosteredMATRIX-RN'!L17) | ... AW33: =IF('Residual-RosteredMATRIX-RN'!AT17=0,"",'Residual-RosteredMATRIX-RN'!AT17)
A34: ='Residual-Rostered'!#REF! -> #REF! | B34: ='Residual-RosteredMATRIX-RN'!C18 -> 0 | C34: ='Residual-RosteredMATRIX-RN'!B18 -> 0 | D34: ='Residual-RosteredMATRIX-RN'!D18 -> 0 | E34: =Max_HRS-Table3[[#This Row],[ROSTERED TIME]] -> 76 | F34: =SUM(H34:AV34) -> 0 | G34: =Table3[[#This Row],[ROSTERED TIME]]+Table3[[#This Row],[CHANGE TIME]] -> 0 | H34: =IF('Residual-RosteredMATRIX-RN'!E18=0,"",'Residual-RosteredMATRIX-RN'!E18) | I34: =IF('Residual-RosteredMATRIX-RN'!F18=0,"",'Residual-RosteredMATRIX-RN'!F18) | J34: =IF('Residual-RosteredMATRIX-RN'!G18=0,"",'Residual-RosteredMATRIX-RN'!G18) | K34: =IF('Residual-RosteredMATRIX-RN'!H18=0,"",'Residual-RosteredMATRIX-RN'!H18) | L34: =IF('Residual-RosteredMATRIX-RN'!I18=0,"",'Residual-RosteredMATRIX-RN'!I18) | M34: =IF('Residual-RosteredMATRIX-RN'!J18=0,"",'Residual-RosteredMATRIX-RN'!J18) | N34: =IF('Residual-RosteredMATRIX-RN'!K18=0,"",'Residual-RosteredMATRIX-RN'!K18) | O34: =IF('Residual-RosteredMATRIX-RN'!L18=0,"",'Residual-RosteredMATRIX-RN'!L18) | ... AW34: =IF('Residual-RosteredMATRIX-RN'!AT18=0,"",'Residual-RosteredMATRIX-RN'!AT18)
A35: ='Residual-Rostered'!#REF! -> #REF! | B35: ='Residual-RosteredMATRIX-RN'!C19 -> 0 | C35: ='Residual-RosteredMATRIX-RN'!B19 -> 0 | D35: ='Residual-RosteredMATRIX-RN'!D19 -> 0 | E35: =Max_HRS-Table3[[#This Row],[ROSTERED TIME]] -> 76 | F35: =SUM(H35:AV35) -> 0 | G35: =Table3[[#This Row],[ROSTERED TIME]]+Table3[[#This Row],[CHANGE TIME]] -> 0 | H35: =IF('Residual-RosteredMATRIX-RN'!E19=0,"",'Residual-RosteredMATRIX-RN'!E19) | I35: =IF('Residual-RosteredMATRIX-RN'!F19=0,"",'Residual-RosteredMATRIX-RN'!F19) | J35: =IF('Residual-RosteredMATRIX-RN'!G19=0,"",'Residual-RosteredMATRIX-RN'!G19) | K35: =IF('Residual-RosteredMATRIX-RN'!H19=0,"",'Residual-RosteredMATRIX-RN'!H19) | L35: =IF('Residual-RosteredMATRIX-RN'!I19=0,"",'Residual-RosteredMATRIX-RN'!I19) | M35: =IF('Residual-RosteredMATRIX-RN'!J19=0,"",'Residual-RosteredMATRIX-RN'!J19) | N35: =IF('Residual-RosteredMATRIX-RN'!K19=0,"",'Residual-RosteredMATRIX-RN'!K19) | O35: =IF('Residual-RosteredMATRIX-RN'!L19=0,"",'Residual-RosteredMATRIX-RN'!L19) | ... AW35: =IF('Residual-RosteredMATRIX-RN'!AT19=0,"",'Residual-RosteredMATRIX-RN'!AT19)
A36: ='Residual-Rostered'!#REF! -> #REF! | B36: ='Residual-RosteredMATRIX-RN'!C20 -> 0 | C36: ='Residual-RosteredMATRIX-RN'!B20 -> 0 | D36: ='Residual-RosteredMATRIX-RN'!D20 -> 0 | E36: =Max_HRS-Table3[[#This Row],[ROSTERED TIME]] -> 76 | F36: =SUM(H36:AV36) -> 0 | G36: =Table3[[#This Row],[ROSTERED TIME]]+Table3[[#This Row],[CHANGE TIME]] -> 0 | H36: =IF('Residual-RosteredMATRIX-RN'!E20=0,"",'Residual-RosteredMATRIX-RN'!E20) | I36: =IF('Residual-RosteredMATRIX-RN'!F20=0,"",'Residual-RosteredMATRIX-RN'!F20) | J36: =IF('Residual-RosteredMATRIX-RN'!G20=0,"",'Residual-RosteredMATRIX-RN'!G20) | K36: =IF('Residual-RosteredMATRIX-RN'!H20=0,"",'Residual-RosteredMATRIX-RN'!H20) | L36: =IF('Residual-RosteredMATRIX-RN'!I20=0,"",'Residual-RosteredMATRIX-RN'!I20) | M36: =IF('Residual-RosteredMATRIX-RN'!J20=0,"",'Residual-RosteredMATRIX-RN'!J20) | N36: =IF('Residual-RosteredMATRIX-RN'!K20=0,"",'Residual-RosteredMATRIX-RN'!K20) | O36: =IF('Residual-RosteredMATRIX-RN'!L20=0,"",'Residual-RosteredMATRIX-RN'!L20) | ... AW36: =IF('Residual-RosteredMATRIX-RN'!AT20=0,"",'Residual-RosteredMATRIX-RN'!AT20)
A37: ='Residual-Rostered'!#REF! -> #REF! | B37: ='Residual-RosteredMATRIX-RN'!C21 -> 0 | C37: ='Residual-RosteredMATRIX-RN'!B21 -> 0 | D37: ='Residual-RosteredMATRIX-RN'!D21 -> 0 | E37: =Max_HRS-Table3[[#This Row],[ROSTERED TIME]] -> 76 | F37: =SUM(H37:AV37) -> 0 | G37: =Table3[[#This Row],[ROSTERED TIME]]+Table3[[#This Row],[CHANGE TIME]] -> 0 | H37: =IF('Residual-RosteredMATRIX-RN'!E21=0,"",'Residual-RosteredMATRIX-RN'!E21) | I37: =IF('Residual-RosteredMATRIX-RN'!F21=0,"",'Residual-RosteredMATRIX-RN'!F21) | J37: =IF('Residual-RosteredMATRIX-RN'!G21=0,"",'Residual-RosteredMATRIX-RN'!G21) | K37: =IF('Residual-RosteredMATRIX-RN'!H21=0,"",'Residual-RosteredMATRIX-RN'!H21) | L37: =IF('Residual-RosteredMATRIX-RN'!I21=0,"",'Residual-RosteredMATRIX-RN'!I21) | M37: =IF('Residual-RosteredMATRIX-RN'!J21=0,"",'Residual-RosteredMATRIX-RN'!J21) | N37: =IF('Residual-RosteredMATRIX-RN'!K21=0,"",'Residual-RosteredMATRIX-RN'!K21) | O37: =IF('Residual-RosteredMATRIX-RN'!L21=0,"",'Residual-RosteredMATRIX-RN'!L21) | ... AW37: =IF('Residual-RosteredMATRIX-RN'!AT21=0,"",'Residual-RosteredMATRIX-RN'!AT21)
A38: ='Residual-Rostered'!#REF! -> #REF! | B38: ='Residual-RosteredMATRIX-RN'!C22 -> 0 | C38: ='Residual-RosteredMATRIX-RN'!B22 -> 0 | D38: ='Residual-RosteredMATRIX-RN'!D22 -> 0 | E38: =Max_HRS-Table3[[#This Row],[ROSTERED TIME]] -> 76 | F38: =SUM(H38:AV38) -> 0 | G38: =Table3[[#This Row],[ROSTERED TIME]]+Table3[[#This Row],[CHANGE TIME]] -> 0 | H38: =IF('Residual-RosteredMATRIX-RN'!E22=0,"",'Residual-RosteredMATRIX-RN'!E22) | I38: =IF('Residual-RosteredMATRIX-RN'!F22=0,"",'Residual-RosteredMATRIX-RN'!F22) | J38: =IF('Residual-RosteredMATRIX-RN'!G22=0,"",'Residual-RosteredMATRIX-RN'!G22) | K38: =IF('Residual-RosteredMATRIX-RN'!H22=0,"",'Residual-RosteredMATRIX-RN'!H22) | L38: =IF('Residual-RosteredMATRIX-RN'!I22=0,"",'Residual-RosteredMATRIX-RN'!I22) | M38: =IF('Residual-RosteredMATRIX-RN'!J22=0,"",'Residual-RosteredMATRIX-RN'!J22) | N38: =IF('Residual-RosteredMATRIX-RN'!K22=0,"",'Residual-RosteredMATRIX-RN'!K22) | O38: =IF('Residual-RosteredMATRIX-RN'!L22=0,"",'Residual-RosteredMATRIX-RN'!L22) | ... AW38: =IF('Residual-RosteredMATRIX-RN'!AT22=0,"",'Residual-RosteredMATRIX-RN'!AT22)
A39: ='Residual-Rostered'!#REF! -> #REF! | B39: ='Residual-RosteredMATRIX-RN'!C23 -> 0 | C39: ='Residual-RosteredMATRIX-RN'!B23 -> 0 | D39: ='Residual-RosteredMATRIX-RN'!D23 -> 0 | E39: =Max_HRS-Table3[[#This Row],[ROSTERED TIME]] -> 76 | F39: =SUM(H39:AV39) -> 0 | G39: =Table3[[#This Row],[ROSTERED TIME]]+Table3[[#This Row],[CHANGE TIME]] -> 0 | H39: =IF('Residual-RosteredMATRIX-RN'!E23=0,"",'Residual-RosteredMATRIX-RN'!E23) | I39: =IF('Residual-RosteredMATRIX-RN'!F23=0,"",'Residual-RosteredMATRIX-RN'!F23) | J39: =IF('Residual-RosteredMATRIX-RN'!G23=0,"",'Residual-RosteredMATRIX-RN'!G23) | K39: =IF('Residual-RosteredMATRIX-RN'!H23=0,"",'Residual-RosteredMATRIX-RN'!H23) | L39: =IF('Residual-RosteredMATRIX-RN'!I23=0,"",'Residual-RosteredMATRIX-RN'!I23) | M39: =IF('Residual-RosteredMATRIX-RN'!J23=0,"",'Residual-RosteredMATRIX-RN'!J23) | N39: =IF('Residual-RosteredMATRIX-RN'!K23=0,"",'Residual-RosteredMATRIX-RN'!K23) | O39: =IF('Residual-RosteredMATRIX-RN'!L23=0,"",'Residual-RosteredMATRIX-RN'!L23) | ... AW39: =IF('Residual-RosteredMATRIX-RN'!AT23=0,"",'Residual-RosteredMATRIX-RN'!AT23)
